StartDate,EndDate,Progress,Duration (in seconds),Finished,RecordedDate,DistributionChannel,UserLanguage,Q2,Q3,Q4,Q5,Q6,Q7,Q8,Q9,Q10,Q11
Start Date,End Date,Progress,Duration (in seconds),Finished,Recorded Date,Distribution Channel,User Language,I found the AI assistant useful during the driving simulation.,The AI assistant made appropriate recommendations in most situations.,The AI assistant was easy to interact with and understand.,I felt comfortable following the AI’s recommendations.,The AI assistant improved my overall driving experience.,I would like to use a similar AI assistant in a real vehicle in the future.,Additional Comments (optional),Participant ID,Date,Personalized vs. Personified
"{""ImportId"":""startDate"",""timeZone"":""America/Denver""}","{""ImportId"":""endDate"",""timeZone"":""America/Denver""}","{""ImportId"":""progress""}","{""ImportId"":""duration""}","{""ImportId"":""finished""}","{""ImportId"":""recordedDate"",""timeZone"":""America/Denver""}","{""ImportId"":""distributionChannel""}","{""ImportId"":""userLanguage""}","{""ImportId"":""QID1""}","{""ImportId"":""QID3""}","{""ImportId"":""QID4""}","{""ImportId"":""QID5""}","{""ImportId"":""QID6""}","{""ImportId"":""QID7""}","{""ImportId"":""QID8_TEXT""}","{""ImportId"":""QID9_TEXT""}","{""ImportId"":""QID10_TEXT""}","{""ImportId"":""QID11""}"
2026-04-08 08:35:50,2026-04-08 08:37:16,100,86,True,2026-04-08 08:37:17,anonymous,EN,7,6,7,7,6,6,,5,04/08/2026,Personalized
2026-04-08 08:39:47,2026-04-08 09:29:04,100,2957,True,2026-04-08 09:29:05,anonymous,EN,6,6,7,7,6,6,,5,04/08/2026,Personified
2026-04-10 15:19:16,2026-04-10 15:20:52,100,95,True,2026-04-10 15:20:52,anonymous,EN,6,5,7,6,6,6,,7,04/10/2026,Personalized
2026-04-10 15:24:25,2026-04-10 15:46:26,100,1321,True,2026-04-10 15:46:27,anonymous,EN,6,5,7,6,6,6,,7,04/10/2026,Personified
2026-04-10 15:49:11,2026-04-10 16:28:50,100,2378,True,2026-04-10 16:28:50,anonymous,EN,7,5,6,7,7,7,,8,04/10/2026,Personified
2026-04-10 17:21:25,2026-04-10 17:23:24,100,119,True,2026-04-10 17:23:25,anonymous,EN,7,7,7,7,7,7,,8,04/10/2026,Personalized
2026-04-11 11:51:53,2026-04-11 11:54:51,100,177,True,2026-04-11 11:54:52,anonymous,EN,7,7,7,5,7,7,,16,04/11/2026,Personified
2026-04-11 11:55:07,2026-04-11 12:29:51,100,2083,True,2026-04-11 12:29:52,anonymous,EN,7,7,7,7,7,7,,16,04/11/2026,Personalized
2026-04-12 08:32:33,2026-04-12 08:39:51,100,438,True,2026-04-12 08:39:52,anonymous,EN,6,6,6,5,6,6,The more personalized the better. This was an improvement over the last version i tried. ,19,04/12/2026,Personalized
2026-04-12 08:58:50,2026-04-12 09:02:56,100,245,True,2026-04-12 09:02:56,anonymous,EN,6,5,6,6,6,6,I didnt feel any particular way about my personified persona. In reality i think it would highly depend on the specific voice and intonation of the AI,19,04/12/2026,Personified
2026-04-12 11:33:17,2026-04-12 12:01:49,100,1711,True,2026-04-12 12:01:49,anonymous,EN,6,7,6,6,6,7,,11,04/12/2026,Personalized
2026-04-12 12:22:54,2026-04-12 12:31:34,100,519,True,2026-04-12 12:31:35,anonymous,EN,6,6,6,7,7,7,,11,04/12/2026,Personified
2026-04-13 15:35:56,2026-04-13 15:39:42,100,226,True,2026-04-13 15:39:42,anonymous,EN,7,5,6,5,4,4,,3,04/13/2026,Personalized
2026-04-13 16:02:01,2026-04-13 16:05:47,100,225,True,2026-04-13 16:05:47,anonymous,EN,4,3,6,4,4,4,,3,04/13/2026,Personified
2026-04-14 08:34:19,2026-04-14 08:37:30,100,190,True,2026-04-14 08:37:31,anonymous,EN,7,7,7,7,7,6,,20,04/14/2026,Personified
2026-04-14 09:05:42,2026-04-14 09:06:54,100,72,True,2026-04-14 09:06:54,anonymous,EN,7,7,7,7,7,5,,20,04/14/2026,Personalized
2026-04-15 15:24:24,2026-04-15 15:34:12,100,587,True,2026-04-15 15:34:12,anonymous,EN,6,5,7,6,6,7,"I think without vibration, it will not disturb my mind that much",22,04/15/2026,Personified
2026-04-15 15:58:08,2026-04-15 16:03:14,100,305,True,2026-04-15 16:03:15,anonymous,EN,5,6,6,6,6,6,,22,04/15/2026,Personalized
2026-04-15 17:31:08,2026-04-15 17:33:58,100,170,True,2026-04-15 17:33:59,anonymous,EN,6,6,7,5,5,5,,9,04/15/2026,Personalized
2026-04-15 17:34:37,2026-04-15 17:53:45,100,1148,True,2026-04-15 17:53:46,anonymous,EN,6,5,6,6,6,7,,9,04/15/2026,Personified
2026-04-16 12:56:10,2026-04-16 13:01:01,100,290,True,2026-04-16 13:01:01,anonymous,EN,6,5,7,5,4,5,,4,04/16/2026,Personified
2026-04-16 13:24:59,2026-04-16 13:28:12,100,193,True,2026-04-16 13:28:13,anonymous,EN,6,7,7,5,6,5,,4,04/16/2026,Personalized
2026-04-16 14:48:39,2026-04-16 15:29:19,100,2439,True,2026-04-16 15:29:19,anonymous,EN,6,5,7,6,6,6,,24,04/16/2026,Personified
2026-04-16 15:30:25,2026-04-16 15:54:38,100,1452,True,2026-04-16 15:54:38,anonymous,EN,6,5,6,6,6,7,,24,04/16/2026,Personalized
