subcategory,metric,term,coef,stat,pval,ci_low,ci_high,effect_size,pval_fdr
101,appropriateness,Intercept,6.458333333333331,50.2638211770811,0.0,6.2065000974778055,6.710166569188857,7.41405817159515,0.0
101,appropriateness,"C(scene_id, Sum)[S.scene_1]",0.08333333333333333,0.6963129105217446,0.48623288964487055,-0.15123122747973805,0.31789789414640474,0.09566526673026003,0.6077911120560882
101,appropriateness,"C(scene_id, Sum)[S.scene_2]",0.041666666666666664,0.3481564552608723,0.7277226880552949,-0.19289789414640474,0.27623122747973805,0.047832633365130016,0.8830720827549408
101,appropriateness,"C(mode, Sum)[S.0]",0.013888888888888841,0.10809423909049666,0.9139209379187749,-0.23794434696663713,0.2657221247444148,0.01594421112170995,0.9139209379187749
101,appropriateness,Group Var,0.4351067986820806,1.601493277013186,0.10926770788517658,-0.09739225522333039,0.9676058525874915,0.4994952954248495,0.15609672555025225
101,disturbance,Intercept,1.902777777777778,12.208977892197145,2.783641229068772e-34,1.5973160144788963,2.2082395410766598,1.999153321347648,6.95910307267193e-34
101,disturbance,"C(scene_id, Sum)[S.scene_1]",-0.06944444444444445,-0.651404487092673,0.5147854148714823,-0.27839082527915315,0.1395019363902643,-0.07296180004918423,0.7393807428816074
101,disturbance,"C(scene_id, Sum)[S.scene_2]",0.09722222222222222,0.911966281929742,0.36178646756706656,-0.11172415861248654,0.306168603056931,0.10214652006885792,0.5593427757496447
101,disturbance,"C(mode, Sum)[S.0]",-0.18055555555555558,-1.1585161503544736,0.24665346478540462,-0.4860173188544372,0.12490620774332606,-0.18970068012787902,0.49330692957080924
101,disturbance,Group Var,1.0914628515036915,2.166715586249068,0.030256547397472616,0.10414919899336317,2.07877650401402,1.1467453583883571,0.1380445463215408
101,satisfaction,Intercept,6.16666666666667,34.741418591807005,1.8679300697401313e-264,5.818769399910249,6.51456393342309,4.704351161879876,1.8679300697401312e-263
101,satisfaction,"C(scene_id, Sum)[S.scene_1]",0.08333333333333331,0.44112776233728357,0.659120505953358,-0.28692296425177105,0.4535896309184377,0.06357231299837665,0.794780452937848
101,satisfaction,"C(scene_id, Sum)[S.scene_2]",-0.08333333333333333,-0.4411277623372836,0.6591205059533581,-0.4535896309184377,0.28692296425177105,-0.06357231299837666,0.7513906589345354
101,satisfaction,"C(mode, Sum)[S.0]",0.2777777777777779,1.5649287653967119,0.1175996130158105,-0.07011948897864229,0.6256750445341981,0.21190770999458897,0.29399903253952625
101,satisfaction,Group Var,0.2552471622544632,1.2266030227698146,0.2199718325381056,-0.1526070790021079,0.6631014035110343,0.19471982988945802,0.29502677855487114
102,appropriateness,Intercept,6.097222222222227,27.60423301899426,9.898535202486905e-168,5.664305431776722,6.530139012667732,4.135717566710515,3.2995117341623018e-167
102,appropriateness,"C(scene_id, Sum)[S.scene_1]",0.5694444444444444,3.1878235861021778,0.0014334796498033492,0.21933391537586466,0.9195549735130242,0.38625152673150565,0.014334796498033492
102,appropriateness,"C(scene_id, Sum)[S.scene_2]",-0.5138888888888888,-2.8768164069702578,0.004017092396379562,-0.8639994179574686,-0.16377835982030908,-0.34856845095282213,0.02008546198189781
102,appropriateness,"C(mode, Sum)[S.0]",0.09722222222222239,0.44015861305913445,0.6598222326872136,-0.335694568223283,0.5301390126677278,0.0659453826126962,0.9139209379187749
102,appropriateness,Group Var,0.6859789493968164,1.9034799352520495,0.05697794940135319,-0.020355806263401832,1.3923137050570347,0.4652963411886344,0.12377819616689877
102,disturbance,Intercept,1.7222222222222223,10.22145920215071,1.5893020183651414e-24,1.3919862488477113,2.0524581955967336,1.5982240630572582,1.5893020183651414e-24
102,disturbance,"C(scene_id, Sum)[S.scene_1]",-0.2638888888888889,-2.061859943237312,0.03922107213032203,-0.5147365373137582,-0.013041240464019555,-0.2448891709523218,0.39221072130322027
102,disturbance,"C(scene_id, Sum)[S.scene_2]",-0.09722222222222222,-0.7596326106663781,0.44747422059971587,-0.34806987064709155,0.15362542620264713,-0.09022232614032909,0.5593427757496447
102,disturbance,"C(mode, Sum)[S.0]",-0.027777777777777776,-0.16486224519597917,0.8690524096737157,-0.3580137511522889,0.3024581955967333,-0.02577780746866545,0.8690524096737157
102,disturbance,Group Var,0.8220801550134665,2.0123967468621005,0.04417813115272152,0.02141920247322182,1.6227411075537113,0.7628912625509204,0.1380445463215408
102,satisfaction,Intercept,6.055555555555557,28.221990094659443,3.1420781072738164e-175,5.635008643184686,6.476102467926428,3.8706691186374096,7.85519526818454e-175
102,satisfaction,"C(scene_id, Sum)[S.scene_1]",0.611111111111111,2.866190697477636,0.0041544390673872705,0.19321994658248898,1.029002275639733,0.3906179844496467,0.013848130224624236
102,satisfaction,"C(scene_id, Sum)[S.scene_2]",-0.4722222222222222,-2.2147837207781733,0.026774913127142624,-0.8901133867508444,-0.05433105769360008,-0.3018411698019997,0.08924971042380875
102,satisfaction,"C(mode, Sum)[S.0]",0.11111111111111141,0.5178346806359543,0.604573619056064,-0.30943580125975945,0.5316580234819823,0.07102145171811777,0.75571702382008
102,satisfaction,Group Var,0.341833749596135,1.4319990536483358,0.15214409215270802,-0.1260309715444134,0.8096984707366834,0.21849776228308498,0.25357348692118004
103,appropriateness,Intercept,5.736111111111109,27.43692527535532,9.951129277230642e-166,5.326350502869914,6.145871719352304,4.0002852399381235,2.4877823193076603e-165
103,appropriateness,"C(scene_id, Sum)[S.scene_1]",0.013888888888888888,0.07763459794589417,0.938118720243704,-0.3367501654470705,0.36452794322484827,0.009685920677816281,0.938118720243704
103,appropriateness,"C(scene_id, Sum)[S.scene_2]",-0.027777777777777776,-0.15526919589178834,0.8766090991863908,-0.37841683211373717,0.3228612765581816,-0.019371841355632562,0.8830720827549408
103,appropriateness,"C(mode, Sum)[S.0]",0.45833333333333287,2.192296692703935,0.0283580904163901,0.048572725092138114,0.8680939415745277,0.319635382367937,0.09452696805463366
103,appropriateness,Group Var,0.5771009009792445,1.7928621767981394,0.07299496452285627,-0.05378807420397547,1.2079898761624643,0.4024622555986515,0.12377819616689877
103,disturbance,Intercept,2.166666666666666,14.240752488294724,5.11730446442329e-46,1.8684669306161572,2.464866402717175,1.9244207080907214,5.11730446442329e-45
103,disturbance,"C(scene_id, Sum)[S.scene_1]",0.08333333333333333,0.5366569553634539,0.5915045943052859,-0.22101440764467772,0.38768107431134435,0.07401618108041237,0.7393807428816074
103,disturbance,"C(scene_id, Sum)[S.scene_2]",0.0,0.0,1.0,-0.3043477409780111,0.3043477409780111,0.0,1.0
103,disturbance,"C(mode, Sum)[S.0]",-0.33333333333333326,-2.1908849981991887,0.02846011561055989,-0.6315330693838422,-0.03513359728282428,-0.29606472432164943,0.24140348880504078
103,disturbance,Group Var,0.306671251621712,1.3552920778647612,0.17532451803607252,-0.13682326744855577,0.7501657706919798,0.27238361870627215,0.21915564754509065
103,satisfaction,Intercept,5.680555555555557,28.387423673733252,2.8912107725945165e-177,5.288350738766574,6.072760372344541,3.9935853619397537,9.637369241981721e-177
103,satisfaction,"C(scene_id, Sum)[S.scene_1]",-0.01388888888888889,-0.07920155016776435,0.9368723116122387,-0.3575907728777733,0.3298129950999955,-0.009764267388605752,0.9368723116122387
103,satisfaction,"C(scene_id, Sum)[S.scene_2]",-0.05555555555555555,-0.3168062006710574,0.7513906589345354,-0.39925743954443993,0.2881463284333289,-0.03905706955442301,0.7513906589345354
103,satisfaction,"C(mode, Sum)[S.0]",0.5416666666666665,2.7068692500625824,0.00679210019886289,0.14946184987768274,0.9338714834556503,0.3808064281556242,0.03396050099431445
103,satisfaction,Group Var,0.5347686764122912,1.7423605015717678,0.08144538285437374,-0.06678728452847782,1.1363246373530602,0.3759569530229086,0.20361345713593432
104,appropriateness,Intercept,5.597222222222223,30.765797899172053,7.517927329278672e-208,5.2406459356271,5.953798508817346,3.885721656765614,3.758963664639336e-207
104,appropriateness,"C(scene_id, Sum)[S.scene_1]",-0.09722222222222222,-0.5147657797209425,0.6067167008528611,-0.46739456381766514,0.2729501193732207,-0.06749392455920421,0.6741296676142902
104,appropriateness,"C(scene_id, Sum)[S.scene_2]",0.027777777777777776,0.1470759370631264,0.8830720827549408,-0.3423945638176652,0.3979501193732208,0.019283978445486915,0.8830720827549408
104,appropriateness,"C(mode, Sum)[S.0]",0.6250000000000002,3.435386862190428,0.0005917084746205987,0.2684237134048773,0.9815762865951232,0.43388951502345574,0.005917084746205987
104,appropriateness,Group Var,0.2852606967469735,1.3043152788630232,0.19212610798107177,-0.14339386315072278,0.7139152566446698,0.1980346005868758,0.2401576349763397
104,disturbance,Intercept,2.1527777777777772,12.106592772770089,9.745906036708186e-34,1.8042596612146486,2.5012958943409056,1.620388475088949,1.9491812073416372e-33
104,disturbance,"C(scene_id, Sum)[S.scene_1]",0.013888888888888904,0.07314339080903154,0.9416920132349265,-0.3582803762546067,0.38605815403238447,0.010454119194122265,0.9416920132349265
104,disturbance,"C(scene_id, Sum)[S.scene_2]",-0.1527777777777778,-0.8045772988993461,0.4210636464457642,-0.5249470429212734,0.21939148736571779,-0.11499531113534481,0.5593427757496447
104,disturbance,"C(mode, Sum)[S.0]",-0.31944444444444425,-1.7964621533787868,0.07242104664151224,-0.6679625610075728,0.02907367211868428,-0.2404447414648117,0.24140348880504078
104,disturbance,Group Var,0.2512931002277043,1.215767966377412,0.22407332484217246,-0.15382155950237403,0.6564077599577827,0.18914745761574703,0.22407332484217246
104,satisfaction,Intercept,5.569444444444441,31.743051456169198,3.959795921438349e-221,5.225560979425948,5.913327909462934,3.691046059539471,1.9798979607191743e-220
104,satisfaction,"C(scene_id, Sum)[S.scene_1]",-0.06944444444444443,-0.36474413808208667,0.7153024076440633,-0.442606329247298,0.30371744035840914,-0.046023018198746546,0.794780452937848
104,satisfaction,"C(scene_id, Sum)[S.scene_2]",-0.06944444444444448,-0.3647441380820869,0.715302407644063,-0.44260632924729804,0.3037174403584091,-0.046023018198746574,0.7513906589345354
104,satisfaction,"C(mode, Sum)[S.0]",0.7916666666666663,4.51210457107642,6.418752653060346e-06,0.4477832016481729,1.1355501316851597,0.5246624074657105,6.418752653060346e-05
104,satisfaction,Group Var,0.2328235256737098,1.1631379212200246,0.24477354860861533,-0.15949944544519598,0.6251464967926156,0.15429947557215573,0.29502677855487114
105,appropriateness,Intercept,4.347222222222222,19.959552219542893,1.2381669372276519e-88,3.920338948758542,4.774105495685903,2.1067256117185518,2.4763338744553038e-88
105,appropriateness,"C(scene_id, Sum)[S.scene_1]",0.7361111111111112,2.6653126785836085,0.007691676963581251,0.1948045402196832,1.2774176820025391,0.356729895914004,0.034163332175903664
105,appropriateness,"C(scene_id, Sum)[S.scene_2]",0.6527777777777778,2.3635791678005584,0.01809935911935086,0.11147120688634982,1.1940843486692057,0.3163453793954375,0.04524839779837715
105,appropriateness,"C(mode, Sum)[S.0]",-0.5138888888888891,-2.3594358853772754,0.018302743284637782,-0.9407721623525693,-0.0870056154252088,-0.24903785186449343,0.09151371642318891
105,appropriateness,Group Var,0.08127728405960505,0.5544656335985481,0.5792602188781513,-0.20602735641770958,0.3685819245369197,0.03938812584827209,0.5792602188781513
105,disturbance,Intercept,3.236111111111111,12.712761067388737,5.022908541877432e-37,2.737190287056759,3.7350319351654635,1.7864364967294977,1.6743028472924775e-36
105,disturbance,"C(scene_id, Sum)[S.scene_1]",-0.027777777777777752,-0.13161412049584226,0.895289516149491,-0.4414373745588187,0.38588181900326324,-0.015334218856047176,0.9416920132349265
105,disturbance,"C(scene_id, Sum)[S.scene_2]",-0.7361111111111112,-3.4877741931398236,0.00048705923207919936,-1.1497707078921522,-0.3224515143300702,-0.40635679968525057,0.004870592320791994
105,disturbance,"C(mode, Sum)[S.0]",0.48611111111111127,1.9096422204232013,0.056179295088963015,-0.012809712943240958,0.9850319351654635,0.26834882998082593,0.24140348880504078
105,disturbance,Group Var,0.6364747381953227,1.8562644591688602,0.06341587230425559,-0.035556425128756786,1.3085059015194023,0.351354345545967,0.1380445463215408
105,satisfaction,Intercept,4.333333333333334,19.058433601724055,5.592415841313246e-81,3.8876945445520814,4.778972122114586,2.238775026074924,6.990519801641556e-81
105,satisfaction,"C(scene_id, Sum)[S.scene_1]",0.75,2.9953810374444747,0.0027410219726501416,0.25925342384514927,1.2407465761548506,0.38748029297450604,0.013705109863250707
105,satisfaction,"C(scene_id, Sum)[S.scene_2]",0.4166666666666667,1.6641005763580414,0.09609233191681694,-0.07407990948818405,0.9074132428215174,0.21526682943028114,0.24023082979204236
105,satisfaction,"C(mode, Sum)[S.0]",-0.49999999999999994,-2.1990500309681593,0.027874365025388644,-0.9456387887812527,-0.05436121121874721,-0.2583201953163373,0.09291455008462882
105,satisfaction,Group Var,0.21641023199509762,1.1134292913549604,0.26552410069938404,-0.16453561152603202,0.5973560755162273,0.11180626679485499,0.29502677855487114
201,appropriateness,Intercept,4.8436511325824405,18.10926584030197,2.693161231009271e-73,4.319423267286498,5.367878997878383,2.503012035951446,3.366451538761588e-73
201,appropriateness,"C(scene_id, Sum)[S.scene_1]",0.5730155340842287,2.4659423434414136,0.013665332870361467,0.11757511700630419,1.0284559511621532,0.29611232092086653,0.034163332175903664
201,appropriateness,"C(scene_id, Sum)[S.scene_2]",0.5967192163761609,2.5898630528887674,0.009601411973480946,0.14513233741910192,1.0483060953332197,0.30836146943488074,0.03200470657826982
201,appropriateness,"C(mode, Sum)[S.0]",0.04523775630645107,0.169133270037048,0.8656918161880367,-0.47899010898949107,0.5694656216023932,0.023377127174333757,0.9139209379187749
201,appropriateness,Group Var,0.5475331477949377,1.7849654714733068,0.07426691770013925,-0.0536803026446121,1.1487465982344873,0.2829440068038973,0.12377819616689877
201,disturbance,Intercept,2.7951325720645097,11.448278725587107,2.3986104383841868e-30,2.3166013181898975,3.273663825939122,1.5680423830640469,2.9982630479802332e-30
201,disturbance,"C(scene_id, Sum)[S.scene_1]",-0.1284659053978432,-0.5387975756546971,0.5900265366239872,-0.5957815712397917,0.3388497604441053,-0.07206813245846477,0.7393807428816074
201,disturbance,"C(scene_id, Sum)[S.scene_2]",-0.6056817564195777,-2.562467793994944,0.010393122632796506,-1.0689517461760523,-0.14241176666310296,-0.3397816168744689,0.05196561316398252
201,disturbance,"C(mode, Sum)[S.0]",-0.1284659053978434,-0.5261694942229999,0.598770447414966,-0.6069971592724558,0.35006534847676896,-0.07206813245846488,0.7484630592687075
201,disturbance,Group Var,0.36534747455927513,1.4836380866093233,0.1379049595669546,-0.11729576467929831,0.8479907137978486,0.2049564054241701,0.19700708509564943
201,satisfaction,Intercept,5.021000378629465,21.041907498050364,2.7124443447425028e-98,4.5533155972289405,5.488685160029989,2.98933825950748,4.520740574570838e-98
201,satisfaction,"C(scene_id, Sum)[S.scene_1]",0.6456662880372022,3.6815932328738157,0.00023178099982219935,0.30193394431036474,0.9893986317640395,0.3844084429706079,0.0023178099982219934
201,satisfaction,"C(scene_id, Sum)[S.scene_2]",0.519845220839456,2.9887314289284017,0.0028013825566756837,0.1789387410806108,0.8607517005983011,0.3094987234599014,0.014006912783378418
201,satisfaction,"C(mode, Sum)[S.0]",-0.04877815640724228,-0.20441851775497924,0.8380264606250744,-0.516462937807766,0.41890662499328146,-0.02904090782327542,0.9311405118056382
201,satisfaction,Group Var,0.8946745097699135,2.0740766173050953,0.03807219579638574,0.04922367039182507,1.740125349148002,0.5326597371401375,0.1903609789819287
202,appropriateness,Intercept,4.75,18.39012175909682,1.5762561189558779e-75,4.243759255728686,5.256240744271314,2.8479950753762004,2.251794455651254e-75
202,appropriateness,"C(scene_id, Sum)[S.scene_1]",0.5,2.5037085912008834,0.012289921182455464,0.10858783817169926,0.8914121618283007,0.29978895530275795,0.034163332175903664
202,appropriateness,"C(scene_id, Sum)[S.scene_2]",0.041666666666666664,0.20864238260007362,0.8347274220958021,-0.34974549516163406,0.4330788284949674,0.024982412941896494,0.8830720827549408
202,appropriateness,"C(mode, Sum)[S.0]",0.055555555555555504,0.21508914338124918,0.8296978181489139,-0.4506851887157582,0.5617962998268692,0.03330988392252863,0.9139209379187749
202,appropriateness,Group Var,0.7818706226338626,1.9829393686900725,0.04737420248207111,0.009059166505173577,1.5546820787625517,0.46879235428264515,0.12377819616689877
202,disturbance,Intercept,2.8750000000000013,12.080999279532717,1.3309233527349673e-33,2.408573645261355,3.3414263547386476,1.748871204119775,2.2182055878916123e-33
202,disturbance,"C(scene_id, Sum)[S.scene_1]",-0.2916666666666667,-1.3619461180501782,0.17321489031164594,-0.7114014524861849,0.12806811915285155,-0.17742171635997708,0.4053256959830842
202,disturbance,"C(scene_id, Sum)[S.scene_2]",-0.3333333333333333,-1.5565098492002032,0.11958690244007354,-0.7530681191528517,0.08640145248618497,-0.2027676758399738,0.2989672561001838
202,disturbance,"C(mode, Sum)[S.0]",0.09722222222222228,0.40853620752043013,0.6828800539222353,-0.36920413251642403,0.5636485769608686,0.05914057211999239,0.7587556154691503
202,disturbance,Group Var,0.48990384957316296,1.6831673214975147,0.09234270496334954,-0.08056462898346844,1.0603723281297943,0.2980099948890192,0.15390450827224925
202,satisfaction,Intercept,4.861111111111111,19.889405073724294,5.0267842012788093e-88,4.382082066888361,5.34014015533386,3.117671466178885,7.181120287541157e-88
202,satisfaction,"C(scene_id, Sum)[S.scene_1]",0.3888888888888889,2.260587235743618,0.023784828893695445,0.05171622677780102,0.7260615509999768,0.24941371729431083,0.05946207223423861
202,satisfaction,"C(scene_id, Sum)[S.scene_2]",0.2638888888888889,1.5339699099688837,0.1250370555029963,-0.07328377322219898,0.6010615509999768,0.16924502244971093,0.2500741110059926
202,satisfaction,"C(mode, Sum)[S.0]",0.1944444444444446,0.7955762029489725,0.4262784028198,-0.28458459977830536,0.6734734886671945,0.1247068586471555,0.6089691468854286
202,satisfaction,Group Var,1.012303057288516,2.1277949546127126,0.03335408787866095,0.07984594744147855,1.9447601671355537,0.6492401191201487,0.1903609789819287
203,appropriateness,Intercept,4.388888888888888,16.271233542904753,1.5794359805173555e-59,3.8602218931329793,4.9175558846447975,2.1382943454096837,1.754928867241506e-59
203,appropriateness,"C(scene_id, Sum)[S.scene_1]",0.3194444444444445,1.0604408814374637,0.28894407191756244,-0.2709699927317402,0.9098588816206292,0.1556353479253884,0.4127772455965178
203,appropriateness,"C(scene_id, Sum)[S.scene_2]",0.1111111111111111,0.36884900223911776,0.7122402774118657,-0.4793033260650736,0.7015255482872957,0.05413403406100465,0.8830720827549408
203,appropriateness,"C(mode, Sum)[S.0]",-0.36111111111111105,-1.3387723801124163,0.18064478491730274,-0.8897781068670203,0.1675558846447982,-0.1759356106982651,0.45161196229325684
203,appropriateness,Group Var,0.20118080974628486,1.0645656280729316,0.28707254103121027,-0.16921170630469332,0.571573325797263,0.09801655926503294,0.31896949003467806
203,disturbance,Intercept,2.9305555555555554,11.328431892896793,9.48882943553222e-30,2.4235318652613893,3.4375792458497214,1.751990763037176,1.0543143817258022e-29
203,disturbance,"C(scene_id, Sum)[S.scene_1]",-0.2638888888888889,-1.2740016032190937,0.2026628479915421,-0.669863823956194,0.14208604617841625,-0.15776220141093056,0.4053256959830842
203,disturbance,"C(scene_id, Sum)[S.scene_2]",-0.18055555555555555,-0.8716853074656957,0.3833800777488493,-0.5865304906228607,0.2254193795117496,-0.10794255886011038,0.5593427757496447
203,disturbance,"C(mode, Sum)[S.0]",0.15277777777777762,0.5905817574495953,0.5548006909048379,-0.35424591251638854,0.6598014680719437,0.09133601134317024,0.7484630592687075
203,disturbance,Group Var,0.7065073443793525,1.9217404074027122,0.05463843011601885,-0.01405249006159004,1.427067178820295,0.42237532027810265,0.1380445463215408
203,satisfaction,Intercept,4.194444444444445,17.325669755632756,3.0116869986977594e-67,3.7199484992823533,4.6689403896065365,2.2475588716871227,3.3463188874419545e-67
203,satisfaction,"C(scene_id, Sum)[S.scene_1]",0.34722222222222227,1.2493483183556233,0.211537702417118,-0.1974962043277419,0.8919406487721864,0.18605619798734463,0.35256283736186333
203,satisfaction,"C(scene_id, Sum)[S.scene_2]",-0.1111111111111111,-0.3997914618737994,0.6893101199145603,-0.6558295376610752,0.43360731543885306,-0.059537983355950265,0.7513906589345354
203,satisfaction,"C(mode, Sum)[S.0]",-0.3333333333333333,-1.3768744176661794,0.16855107780315493,-0.8078292784954247,0.1411626118287581,-0.1786139500678508,0.33710215560630985
203,satisfaction,Group Var,0.1725258266876318,0.964652931689116,0.3347186778395991,-0.17800895696628163,0.5230606103415453,0.09244655818019805,0.3347186778395991
204,appropriateness,Intercept,4.027777777777777,13.883092538656136,8.020727197632445e-44,3.459150913108086,4.596404642447467,2.043072830252102,8.020727197632445e-44
204,appropriateness,"C(scene_id, Sum)[S.scene_1]",0.3055555555555556,1.4000668406442385,0.16149330364350767,-0.12219393952529628,0.7333050506364074,0.15499173195015953,0.2691555060725128
204,appropriateness,"C(scene_id, Sum)[S.scene_2]",0.7638888888888888,3.5001671016105957,0.00046496658997557754,0.336139393808037,1.1916383839697406,0.38747932987539874,0.004649665899755775
204,appropriateness,"C(mode, Sum)[S.0]",-0.24999999999999992,-0.8617091920545188,0.38884756603602677,-0.8186268646696906,0.3186268646696908,-0.12681141705013046,0.7776951320720535
204,appropriateness,Group Var,0.8447729650230925,2.0281279747703884,0.04254718844992985,0.02839223996267004,1.6611536900835149,0.4285074271208748,0.12377819616689877
204,disturbance,Intercept,3.166666666666666,13.392532426457443,6.686148963209898e-41,2.703232835030097,3.6301004983032352,1.7443097013669906,3.3430744816049487e-40
204,disturbance,"C(scene_id, Sum)[S.scene_1]",-0.375,-1.4994181345932593,0.13376519194095443,-0.8651811424348932,0.11518114243489319,-0.2065629909513542,0.4053256959830842
204,disturbance,"C(scene_id, Sum)[S.scene_2]",-0.4166666666666667,-1.666020149548066,0.09570940120765459,-0.9068478091015599,0.0735144757682265,-0.22951443439039354,0.2989672561001838
204,disturbance,"C(mode, Sum)[S.0]",0.3055555555555556,1.2922619007985254,0.19626646128787684,-0.15787827608101346,0.7689893871921246,0.16831058521962194,0.4906661532196921
204,disturbance,Group Var,0.2625634095825619,1.2462702728872443,0.2126651876053568,-0.1503605264491048,0.6754873456142286,0.14462902186069185,0.22407332484217246
204,satisfaction,Intercept,4.11111111111111,15.18780572108073,4.259407746413194e-52,3.580578270344244,4.641643951877976,2.0961323686231315,4.259407746413194e-52
204,satisfaction,"C(scene_id, Sum)[S.scene_1]",0.22222222222222224,1.0085726906141883,0.3131796100039024,-0.20962325225198505,0.6540676966964295,0.11330445235800714,0.4473994428627177
204,satisfaction,"C(scene_id, Sum)[S.scene_2]",0.9722222222222222,4.412505521437073,1.0218118788512202e-05,0.5403767477480149,1.4040676966964294,0.4957069790662812,0.00010218118788512201
204,satisfaction,"C(mode, Sum)[S.0]",-0.24999999999999986,-0.9235827803359902,0.3557035826295125,-0.7805328407668659,0.28053284076686613,-0.12746750890275796,0.5928393043825209
204,satisfaction,Group Var,0.6728486590226405,1.8914094872186544,0.05856970311119156,-0.024387527875047832,1.3700848459203288,0.34306536973670887,0.19523234370397186
205,appropriateness,Intercept,5.1111111111111125,18.654329347788007,1.1645415700100648e-77,4.574099379839833,5.648122842382392,2.785124526599456,1.9409026166834416e-77
205,appropriateness,"C(scene_id, Sum)[S.scene_1]",0.513888888888889,2.237635855895823,0.02524481133261081,0.06376930771409567,0.9640084700636822,0.280026107293967,0.05048962266522162
205,appropriateness,"C(scene_id, Sum)[S.scene_2]",0.09722222222222222,0.42333651327758803,0.6720497577155244,-0.3528973589525711,0.5473418033970155,0.05297791219075051,0.8830720827549408
205,appropriateness,"C(mode, Sum)[S.0]",-0.19444444444444453,-0.7096755730136742,0.47790534319646005,-0.7314561757157243,0.34256728682683524,-0.10595582438150107,0.7965089053274335
205,appropriateness,Group Var,0.6155667288259947,1.8348431044208622,0.06652893981605187,-0.04197647782375946,1.273109935475749,0.33543195538927967,0.12377819616689877
205,disturbance,Intercept,2.569444444444444,11.805158643086337,3.6709795570729973e-32,2.1428497053439264,2.996039183544962,1.793944572601903,5.244256510104283e-32
205,disturbance,"C(scene_id, Sum)[S.scene_1]",-0.3194444444444445,-1.7365713704405557,0.08246285658608156,-0.6799822356517706,0.04109334676288168,-0.22303094686402042,0.4053256959830842
205,disturbance,"C(scene_id, Sum)[S.scene_2]",0.05555555555555555,0.3020124122505314,0.7626426009040698,-0.30498223565177063,0.4160933467628817,0.03878799075896006,0.8473806676711886
205,disturbance,"C(mode, Sum)[S.0]",-0.12500000000000006,-0.5743050150690654,0.5657614160840734,-0.5515947391005178,0.3015947391005177,-0.0872729792076602,0.7484630592687075
205,disturbance,Group Var,0.6000029386626825,1.8182739440726656,0.0690222731607704,-0.046755573293454145,1.2467614506188192,0.41891235192354626,0.1380445463215408
205,satisfaction,Intercept,5.361111111111108,23.241347847797964,1.7400852110316536e-119,4.9090037392105215,5.813218483011695,3.3613346345326045,3.480170422063307e-119
205,satisfaction,"C(scene_id, Sum)[S.scene_1]",0.3055555555555556,1.4330947708052857,0.15183075563863171,-0.11233577749877871,0.7234468886098899,0.19157865792672887,0.30366151127726343
205,satisfaction,"C(scene_id, Sum)[S.scene_2]",0.2222222222222222,1.042250742403844,0.29729544300217314,-0.19566911083211208,0.6401135552765564,0.13932993303762098,0.4954924050036219
205,satisfaction,"C(mode, Sum)[S.0]",0.0,0.0,1.0,-0.45210737190058625,0.45210737190058625,0.0,1.0
205,satisfaction,Group Var,0.44697310415704,1.6201527206357575,0.10519947471840056,-0.09374825812422755,0.9876944664383076,0.2802452970231809,0.21039894943680112
