subcategory,metric,term,coef,stat,pval,ci_low,ci_high,effect_size,converged,n_obs,n_subjects,pval_fdr
101,appropriateness,Intercept,6.583333333333333,35.135207890575636,1.9557130831936813e-270,6.216092124124026,6.95057454254264,9.10308107056277,True,36,12,1.955713083193681e-269
101,appropriateness,"C(version, Treatment(reference='default'))[T.personalized]",0.16666666666666652,0.8017840140645126,0.42267790735719846,-0.240750615743413,0.574083949076746,0.23045774862184207,True,36,12,0.46964211928577604
101,appropriateness,"C(version, Treatment(reference='default'))[T.personified]",-1.5111368946286858e-16,-7.269632431058228e-16,0.9999999999999994,-0.4074172824100797,0.40741728241007935,-2.0895192395731743e-16,True,36,12,0.9999999999999994
101,appropriateness,"C(mode, Sum)[S.0]",-0.08333333333333301,-0.44474946696931017,0.6565008166933134,-0.4505745425426393,0.2839078758759732,-0.11522887431092069,True,36,12,0.7023443414648963
101,appropriateness,"C(version, Treatment(reference='default'))[T.personalized]:C(mode, Sum)[S.0]",0.3333333333333332,1.603568028129026,0.10880930284353309,-0.07408394907674631,0.7407506157434127,0.46091549724368436,True,36,12,0.5440465142176654
101,appropriateness,"C(version, Treatment(reference='default'))[T.personified]:C(mode, Sum)[S.0]",0.49999999999999994,2.40535204219354,0.01615689301442177,0.09258271758992043,0.9074172824100795,0.6913732458655267,True,36,12,0.1615689301442177
101,appropriateness,Group Var,0.6250020677450322,1.3043474508392792,0.1921151434648165,-0.31415071877294254,1.5641548542630068,0.8642194164990976,True,36,12,0.40311338269722496
101,disturbance,Intercept,1.7499999999999996,5.333994127341178,9.607563152264867e-08,1.1069664887023776,2.3930335112976215,1.374324022864982,True,36,12,1.0675070169183186e-07
101,disturbance,"C(version, Treatment(reference='default'))[T.personalized]",3.7774215957106527e-16,9.713404116132658e-16,0.9999999999999992,-0.7622055248087842,0.7622055248087849,2.9665149962709285e-16,True,36,12,0.9999999999999992
101,disturbance,"C(version, Treatment(reference='default'))[T.personified]",3.777421595710653e-16,9.713404116132658e-16,0.9999999999999992,-0.7622055248087843,0.762205524808785,2.966514996270929e-16,True,36,12,0.9999999999999992
101,disturbance,"C(mode, Sum)[S.0]",-0.41666666666666635,-1.269998601747899,0.2040851282182149,-1.0597001779642885,0.22636684463095574,-0.32722000544404317,True,36,12,0.4081702564364298
101,disturbance,"C(version, Treatment(reference='default'))[T.personalized]:C(mode, Sum)[S.0]",-0.1666666666666669,-0.4285729418872413,0.668234040293215,-0.9288721914754514,0.5955388581421177,-0.13088800217761756,True,36,12,0.7424822669924611
101,disturbance,"C(version, Treatment(reference='default'))[T.personified]:C(mode, Sum)[S.0]",-0.16666666666666688,-0.4285729418872412,0.668234040293215,-0.9288721914754515,0.5955388581421178,-0.13088800217761754,True,36,12,0.8290309808648352
101,disturbance,Group Var,0.42348542195122413,1.119103979633839,0.26309578227892805,-0.3181938054550813,1.1651646493575296,0.3325749649832462,True,36,12,0.506311399170889
101,satisfaction,Intercept,6.583333333333337,51.71762354950115,0.0,6.333842050749456,6.832824615917217,12.825138858779976,True,36,12,0.0
101,satisfaction,"C(version, Treatment(reference='default'))[T.personalized]",0.24999999999999695,1.7650459524892508,0.0775560430164285,-0.027608067622249044,0.527608067622243,0.4870305895739169,True,36,12,0.12926007169404752
101,satisfaction,"C(version, Treatment(reference='default'))[T.personified]",0.1666666666666636,1.1766973016594933,0.2393163452441056,-0.11094140095558239,0.4442747342889096,0.32468705971594264,True,36,12,0.598290863110264
101,satisfaction,"C(mode, Sum)[S.0]",0.25000000000000067,1.963960387955744,0.049534685824868585,0.0005087174161197972,0.49949128258388154,0.4870305895739242,True,36,12,0.09906937164973717
101,satisfaction,"C(version, Treatment(reference='default'))[T.personalized]:C(mode, Sum)[S.0]",-0.0833333333333338,-0.5883486508297607,0.5562982965817311,-0.3609414009555798,0.19427473428891218,-0.1623435298579752,True,36,12,0.7947118522596159
101,satisfaction,"C(version, Treatment(reference='default'))[T.personified]:C(mode, Sum)[S.0]",-4.656768797733297e-16,-3.287764367246996e-15,0.9999999999999973,-0.27760806762224643,0.27760806762224555,-9.071955412277981e-16,True,36,12,0.9999999999999991
101,satisfaction,Group Var,0.6153869897965637,1.2972968914381275,0.19452905356712802,-0.3143433938311282,1.5451173734242556,1.1988491538269683,True,36,12,0.3961563831840582
102,appropriateness,Intercept,6.250000000000001,19.92641145049569,2.401782782522323e-88,5.635249324304673,6.864750675695329,5.283711955146446,True,36,12,1.2008913912611614e-87
102,appropriateness,"C(version, Treatment(reference='default'))[T.personalized]",0.24999999999999964,0.8356260780764823,0.4033652932647428,-0.3363759030389736,0.8363759030389729,0.21134847820585748,True,36,12,0.46964211928577604
102,appropriateness,"C(version, Treatment(reference='default'))[T.personified]",0.4166666666666663,1.3927101301274711,0.1637074640453149,-0.16970923637230695,1.0030425697056395,0.35224746367642934,True,36,12,0.3274149280906298
102,appropriateness,"C(mode, Sum)[S.0]",0.5833333333333331,1.8597984020462635,0.06291405354663841,-0.03141734236199456,1.1980840090286609,0.49314644914700134,True,36,12,0.157285133866596
102,appropriateness,"C(version, Treatment(reference='default'))[T.personalized]:C(mode, Sum)[S.0]",-0.2500000000000003,-0.8356260780764844,0.4033652932647416,-0.8363759030389735,0.33637590303897297,-0.21134847820585803,True,36,12,0.6722754887745693
102,appropriateness,"C(version, Treatment(reference='default'))[T.personified]:C(mode, Sum)[S.0]",-0.5833333333333337,-1.9497941821784626,0.05120065527167444,-1.169709236372307,0.0030425697056395418,-0.4931464491470018,True,36,12,0.23650496663515483
102,appropriateness,Group Var,1.1982434896351621,1.5647408030112042,0.11764369700079792,-0.30265306772117784,2.699140046991502,1.012987752217872,True,36,12,0.39214565666932644
102,disturbance,Intercept,1.999999999999998,4.706787380523221,2.5165113596749453e-06,1.167175474018467,2.832824525981529,1.2139539573337668,True,36,12,2.5165113596749453e-06
102,disturbance,"C(version, Treatment(reference='default'))[T.personalized]",-0.24999999999999803,-0.4345240186259312,0.6639079570546964,-1.3776499690039632,0.8776499690039672,-0.1517442446667198,True,36,12,0.7376755078385515
102,disturbance,"C(version, Treatment(reference='default'))[T.personified]",-0.249999999999998,-0.43452401862593115,0.6639079570546965,-1.3776499690039632,0.8776499690039672,-0.1517442446667198,True,36,12,0.7376755078385516
102,disturbance,"C(mode, Sum)[S.0]",-0.8333333333333309,-1.9611614085513385,0.049860197090025635,-1.666157859314862,-0.0005088073517998115,-0.5058141488890685,True,36,12,0.12465049272506408
102,disturbance,"C(version, Treatment(reference='default'))[T.personalized]:C(mode, Sum)[S.0]",0.24999999999999742,0.4345240186259301,0.6639079570546974,-0.8776499690039677,1.3776499690039625,0.15174424466671943,True,36,12,0.7424822669924611
102,disturbance,"C(version, Treatment(reference='default'))[T.personified]:C(mode, Sum)[S.0]",0.24999999999999742,0.4345240186259301,0.6639079570546974,-0.8776499690039677,1.3776499690039625,0.15174424466671943,True,36,12,0.8290309808648352
102,disturbance,Group Var,0.0909086456945499,0.42857007929595686,0.6682361238973171,-0.32484056325007693,0.5066578546391767,0.05517945509837613,True,36,12,0.7424845821081302
102,satisfaction,Intercept,5.750000000000003,16.042164162957715,6.485437697640781e-58,5.047489241686737,6.452510758313268,4.076392090692974,True,36,12,1.6213594244101951e-57
102,satisfaction,"C(version, Treatment(reference='default'))[T.personalized]",0.7499999999999979,2.0410094927801503,0.04124988355023817,0.029781405424663232,1.4702185945753325,0.5317033161773428,True,36,12,0.08468289007858532
102,satisfaction,"C(version, Treatment(reference='default'))[T.personified]",0.9166666666666647,2.4945671578424076,0.012611085963828107,0.19644807209133008,1.6368852612419995,0.6498596086611972,True,36,12,0.04203695321276036
102,satisfaction,"C(mode, Sum)[S.0]",0.750000000000001,2.0924561951683995,0.03639772638205513,0.04748924168673552,1.4525107583132666,0.5317033161773449,True,36,12,0.09099431595513782
102,satisfaction,"C(version, Treatment(reference='default'))[T.personalized]:C(mode, Sum)[S.0]",-0.4166666666666674,-1.1338941626556442,0.2568389459925633,-1.1368852612420022,0.30355192790866725,-0.2953907312096362,True,36,12,0.5147393054003429
102,satisfaction,"C(version, Treatment(reference='default'))[T.personified]:C(mode, Sum)[S.0]",-0.583333333333334,-1.587451827717901,0.11241034903522737,-1.3035519279086687,0.13688526124200062,-0.41354702369349045,True,36,12,0.9385857111127087
102,satisfaction,Group Var,0.9028620071689052,1.4607070729505405,0.14409584718216897,-0.3085903434287812,2.1143143577665917,0.6400729643496533,True,36,12,0.3961563831840582
103,appropriateness,Intercept,5.749999999999999,16.98662652172923,1.0315389497406103e-64,5.086549084852779,6.413450915147219,4.0379195782665045,True,36,12,3.438463165802034e-64
103,appropriateness,"C(version, Treatment(reference='default'))[T.personalized]",0.41666666666666763,1.3310347116533223,0.18317758962596997,-0.19687981193014847,1.0302131452634837,0.2926028679903271,True,36,12,0.30529598270994995
103,appropriateness,"C(version, Treatment(reference='default'))[T.personified]",0.25000000000000094,0.7986208269919945,0.4245103074379213,-0.36354647859681516,0.863546478596817,0.17556172079419652,True,36,12,0.6064432963398876
103,appropriateness,"C(mode, Sum)[S.0]",0.7499999999999999,2.215646937616856,0.026715691593936726,0.08654908485277912,1.4134509151472208,0.5266851623825876,True,36,12,0.08905230531312243
103,appropriateness,"C(version, Treatment(reference='default'))[T.personalized]:C(mode, Sum)[S.0]",-0.0833333333333333,-0.2662069423306637,0.7900798366746516,-0.6968798119301494,0.5302131452634828,-0.05852057359806526,True,36,12,0.8740196251258052
103,appropriateness,"C(version, Treatment(reference='default'))[T.personified]:C(mode, Sum)[S.0]",0.0833333333333334,0.26620694233066405,0.7900798366746513,-0.5302131452634827,0.6968798119301495,0.05852057359806533,True,36,12,0.8344340904352427
103,appropriateness,Group Var,1.3385822817128357,1.601256045149592,0.10932022012273224,-0.29986465527000505,2.9770292186956766,0.9400152352085059,True,36,12,0.39214565666932644
103,disturbance,Intercept,2.166666666666668,7.522988991304092,5.353793325084181e-14,1.6021850971630038,2.731148236170332,1.8442830865970026,True,36,12,8.922988875140302e-14
103,disturbance,"C(version, Treatment(reference='default'))[T.personalized]",-0.4166666666666679,-1.111873510165785,0.26619253971887813,-1.1511491889665821,0.31781585563324627,-0.35466982434557826,True,36,12,0.3802750567412545
103,disturbance,"C(version, Treatment(reference='default'))[T.personified]",-0.5000000000000012,-1.3342482121989412,0.1821225237529971,-1.2344825222999154,0.23448252229991295,-0.4256037892146937,True,36,12,0.3431691674706655
103,disturbance,"C(mode, Sum)[S.0]",-0.6666666666666671,-2.314765843478182,0.020625750153305856,-1.231148236170331,-0.10218509716300306,-0.5674717189529239,True,36,12,0.06875250051101953
103,disturbance,"C(version, Treatment(reference='default'))[T.personalized]:C(mode, Sum)[S.0]",0.08333333333333386,0.22237470203315773,0.8240222036658353,-0.6511491889665804,0.817815855633248,0.07093396486911589,True,36,12,0.8240222036658353
103,disturbance,"C(version, Treatment(reference='default'))[T.personified]:C(mode, Sum)[S.0]",0.33333333333333387,0.8894988081326267,0.3737350634740604,-0.4011491889665803,1.067815855633248,0.28373585947646224,True,36,12,0.8290309808648352
103,disturbance,Group Var,0.18131739040014735,0.7046242635697845,0.48104409472308074,-0.3230302077859627,0.6856649885862575,0.1543387368096449,True,36,12,0.6872058496044011
103,satisfaction,Intercept,5.66666666666667,21.44399157132495,5.196022532248348e-102,5.14873778471766,6.184595548615679,4.13791036131444,True,36,12,2.598011266124174e-101
103,satisfaction,"C(version, Treatment(reference='default'))[T.personalized]",0.4166666666666652,1.5389684602753428,0.12381199624434451,-0.11398206415846768,0.947315397491798,0.3042581148025311,True,36,12,0.1768742803490636
103,satisfaction,"C(version, Treatment(reference='default'))[T.personified]",-1.5296406117057717e-15,-5.649764776731536e-15,0.9999999999999954,-0.5306487308251344,0.5306487308251313,-1.1169733652231767e-15,True,36,12,0.9999999999999954
103,satisfaction,"C(mode, Sum)[S.0]",1.0000000000000002,3.784233806704402,0.0001541828292355169,0.4820711180509909,1.5179288819490095,0.7302194755260775,True,36,12,0.0015418282923551688
103,satisfaction,"C(version, Treatment(reference='default'))[T.personalized]:C(mode, Sum)[S.0]",-0.0833333333333336,-0.3077936920550707,0.7582393217474181,-0.6139820641584665,0.44731539749179927,-0.06085162296050664,True,36,12,0.8529620362579436
103,satisfaction,"C(version, Treatment(reference='default'))[T.personified]:C(mode, Sum)[S.0]",-2.991434260795562e-16,-1.1048935148043529e-15,0.9999999999999991,-0.5306487308251332,0.5306487308251325,-2.184403556988874e-16,True,36,12,0.9999999999999991
103,satisfaction,Group Var,0.9052676591901592,1.4617547884738253,0.14380841752383794,-0.30854194989898054,2.119077268279299,0.6610440753045578,True,36,12,0.3961563831840582
104,appropriateness,Intercept,5.666666666666668,14.722433180066323,4.62707476149254e-49,4.912276244701766,6.42105708863157,3.27165152540788,True,36,12,1.156768690373135e-48
104,appropriateness,"C(version, Treatment(reference='default'))[T.personalized]",0.24999999999999847,0.475664466398802,0.6343134398213315,-0.7801189824934236,1.2801189824934205,0.14433756729740557,True,36,12,0.6343134398213315
104,appropriateness,"C(version, Treatment(reference='default'))[T.personified]",0.24999999999999847,0.47566446639880194,0.6343134398213315,-0.7801189824934238,1.2801189824934207,0.14433756729740557,True,36,12,0.7928917997766644
104,appropriateness,"C(mode, Sum)[S.0]",1.1666666666666659,3.0310891841312992,0.0024367326228096546,0.4122762447017638,1.9210570886315679,0.673575314054563,True,36,12,0.024367326228096543
104,appropriateness,"C(version, Treatment(reference='default'))[T.personalized]:C(mode, Sum)[S.0]",-0.08333333333333275,-0.15855482213293387,0.8740196251258052,-1.1134523158267549,0.9467856491600893,-0.048112522432468476,True,36,12,0.8740196251258052
104,appropriateness,"C(version, Treatment(reference='default'))[T.personified]:C(mode, Sum)[S.0]",-0.24999999999999942,-0.4756644663988037,0.6343134398213304,-1.2801189824934216,0.7801189824934228,-0.1443375672974061,True,36,12,0.8344340904352427
104,appropriateness,Group Var,0.07262409080292061,0.35779260682828823,0.7204985237186773,-0.32520582425735073,0.4704540058631919,0.04192953837471804,True,36,12,0.9999999967145141
104,disturbance,Intercept,2.6666666666666687,8.745360660679639,2.223044106743713e-18,2.069027435052181,3.2643058982811564,1.8726583551380906,True,36,12,5.557610266859283e-18
104,disturbance,"C(version, Treatment(reference='default'))[T.personalized]",-1.0000000000000022,-2.443838815979954,0.014531917329085334,-1.8020021499470857,-0.1979978500529186,-0.702246883176785,True,36,12,0.029063834658170667
104,disturbance,"C(version, Treatment(reference='default'))[T.personified]",-0.916666666666669,-2.2401855813149583,0.025078877338248724,-1.7186688166137527,-0.11466451671958533,-0.6437263095787198,True,36,12,0.08359625779416241
104,disturbance,"C(mode, Sum)[S.0]",-1.1666666666666683,-3.8260952890473443,0.00013019191089766826,-1.764305898281156,-0.5690274350521806,-0.8192880303729152,True,36,12,0.0013019191089766826
104,disturbance,"C(version, Treatment(reference='default'))[T.personalized]:C(mode, Sum)[S.0]",0.6666666666666682,1.6292258773199695,0.10326521079732916,-0.13533548328041545,1.4686688166137518,0.4681645887845234,True,36,12,0.2581630269933229
104,disturbance,"C(version, Treatment(reference='default'))[T.personified]:C(mode, Sum)[S.0]",0.5833333333333349,1.425572642654974,0.15399173770850783,-0.2186688166137487,1.3853354832804186,0.40964401518645815,True,36,12,0.6928344800523383
104,disturbance,Group Var,0.1105986163149694,0.4982686789728545,0.6182946808542222,-0.3244463982826943,0.545643630912633,0.07766753359085221,True,36,12,0.7424845821081302
104,satisfaction,Intercept,5.6666666666666625,16.79709820482827,2.562788364310467e-63,5.005453494985153,6.3278798383481725,3.4893759913353555,True,36,12,8.54262788103489e-63
104,satisfaction,"C(version, Treatment(reference='default'))[T.personalized]",0.250000000000005,0.5560212613330789,0.5781963202771103,-0.6312450713849526,1.1312450713849627,0.15394305844126888,True,36,12,0.6424403558634559
104,satisfaction,"C(version, Treatment(reference='default'))[T.personified]",0.3333333333333383,0.7413616817774348,0.45847417140437474,-0.5479117380516192,1.214578404718296,0.20525741125502414,True,36,12,0.7641236190072913
104,satisfaction,"C(mode, Sum)[S.0]",1.1666666666666656,3.4582261009940547,0.0005437448459433392,0.5054534949851556,1.8278798383481756,0.7184009393925731,True,36,12,0.002718724229716696
104,satisfaction,"C(version, Treatment(reference='default'))[T.personalized]:C(mode, Sum)[S.0]",-0.08333333333333252,-0.18534042044435414,0.8529620362579436,-0.96457840471829,0.7979117380516251,-0.051314352813754766,True,36,12,0.8529620362579436
104,satisfaction,"C(version, Treatment(reference='default'))[T.personified]:C(mode, Sum)[S.0]",-0.16666666666666585,-0.37068084088871006,0.7108752620713441,-1.0479117380516234,0.7145784047182917,-0.10262870562751003,True,36,12,0.9999999999999991
104,satisfaction,Group Var,0.1259512468024267,0.5484694756953674,0.5833695829422203,-0.3241374426869838,0.5760399362918371,0.07755728058902506,True,36,12,0.6481884254913559
105,appropriateness,Intercept,3.083333333333334,6.897204402435806,5.303584644339734e-12,2.2071490225521497,3.959517644114518,1.6432739923355402,True,36,12,6.629480805424667e-12
105,appropriateness,"C(version, Treatment(reference='default'))[T.personalized]",0.5833333333333319,0.9226870281618148,0.3561703277835824,-0.655778401653065,1.8224450683197289,0.3108896742256419,True,36,12,0.46964211928577604
105,appropriateness,"C(version, Treatment(reference='default'))[T.personified]",-6.707597440213887e-16,-1.060973682551445e-15,0.9999999999999991,-1.2391117349863976,1.2391117349863963,-3.5748390566140285e-16,True,36,12,0.9999999999999994
105,appropriateness,"C(mode, Sum)[S.0]",-1.0833333333333335,-2.42334208734231,0.015378437592800604,-1.959517644114518,-0.20714902255214906,-0.5773665378476222,True,36,12,0.07689218796400302
105,appropriateness,"C(version, Treatment(reference='default'))[T.personalized]:C(mode, Sum)[S.0]",0.7500000000000003,1.1863118933509083,0.23549915151099576,-0.4891117349863966,1.9891117349863974,0.3997152954329693,True,36,12,0.6006038107637575
105,appropriateness,"C(version, Treatment(reference='default'))[T.personified]:C(mode, Sum)[S.0]",-0.1666666666666661,-0.2636248651890897,0.792068996476939,-1.405778401653063,1.0724450683197309,-0.08882562120732618,True,36,12,0.8344340904352427
105,appropriateness,Group Var,7.406545072682512e-10,4.117745924139199e-09,0.9999999967145141,-0.3525366020456128,0.3525366035269218,3.9473458024865227e-10,True,36,12,0.9999999967145141
105,disturbance,Intercept,4.25,9.525374357020148,1.644481320830309e-21,3.3755097571933037,5.124490242806696,2.2670985360935956,True,36,12,8.222406604151545e-21
105,disturbance,"C(version, Treatment(reference='default'))[T.personalized]",-1.0000000000000002,-2.591334438501323,0.009560453117043465,-1.7563531574386764,-0.24364684256132407,-0.5334349496690814,True,36,12,0.028529315220278007
105,disturbance,"C(version, Treatment(reference='default'))[T.personified]",-0.2500000000000002,-0.6478336096253312,0.5170925746640853,-1.0063531574386764,0.5063531574386759,-0.13335873741727045,True,36,12,0.6463657183301066
105,disturbance,"C(mode, Sum)[S.0]",1.0833333333333333,2.4280366008090573,0.015180811170300814,0.20884309052663685,1.9578235761400298,0.5778878621415048,True,36,12,0.06875250051101953
105,disturbance,"C(version, Treatment(reference='default'))[T.personalized]:C(mode, Sum)[S.0]",-1.0000000000000002,-2.591334438501323,0.009560453117043465,-1.7563531574386764,-0.24364684256132407,-0.5334349496690814,True,36,12,0.09560453117043465
105,disturbance,"C(version, Treatment(reference='default'))[T.personified]:C(mode, Sum)[S.0]",0.08333333333333319,0.21594453654177648,0.8290309808648352,-0.673019824105343,0.8396864907720093,0.04445291247242337,True,36,12,0.8290309808648352
105,disturbance,Group Var,1.673564608294541,1.6678182011213016,0.09535182159978914,-0.2931523611286855,3.6402815777177677,0.8927378525935543,True,36,12,0.38280599495302753
105,satisfaction,Intercept,3.3333333333333317,8.008903729308287,1.1573545976417267e-15,2.5175895683168883,4.149077098349776,1.8776475474017773,True,36,12,1.1573545976417267e-15
105,satisfaction,"C(version, Treatment(reference='default'))[T.personalized]",0.33333333333333554,0.5663150144733374,0.5711796554930533,-0.8203025609711783,1.4869692276378492,0.18776475474017906,True,36,12,0.6424403558634559
105,satisfaction,"C(version, Treatment(reference='default'))[T.personified]",-0.2499999999999979,-0.4247362608549967,0.6710289470618647,-1.4036358943045117,0.9036358943045159,-0.1408235660551322,True,36,12,0.7748139716459622
105,satisfaction,"C(mode, Sum)[S.0]",-1.1666666666666665,-2.8031163052579013,0.005061141424157022,-1.98241043168311,-0.350922901650223,-0.6571766415906223,True,36,12,0.016870471413856742
105,satisfaction,"C(version, Treatment(reference='default'))[T.personalized]:C(mode, Sum)[S.0]",0.6666666666666666,1.1326300289466673,0.2573696527001714,-0.4869692276378471,1.8203025609711805,0.3755295094803556,True,36,12,0.5147393054003429
105,satisfaction,"C(version, Treatment(reference='default'))[T.personified]:C(mode, Sum)[S.0]",0.08333333333333291,0.14157875361833272,0.887412750016835,-1.070302560971181,1.2369692276378466,0.04694118868504422,True,36,12,0.9999999999999991
105,satisfaction,Group Var,2.7790953178012835e-09,1.3413908943873505e-08,0.9999999892972492,-0.4060655784981781,0.4060655840563688,1.5654484522396036e-09,True,36,12,0.9999999892972492
201,appropriateness,Intercept,2.833333333333334,6.84578087973433,7.605982501380817e-12,2.0221429976961725,3.6445236689704954,1.3814812941324026,True,36,12,8.451091668200908e-12
201,appropriateness,"C(version, Treatment(reference='default'))[T.personalized]",3.333333333333331,6.905241214134703,5.011819385799574e-12,2.387209500841137,4.279457165825525,1.6252721107440014,True,36,12,5.0118193857995735e-11
201,appropriateness,"C(version, Treatment(reference='default'))[T.personified]",2.3333333333333317,4.833668849894293,1.3403948673516837e-06,1.3872095008411378,3.2794571658255256,1.137690477520801,True,36,12,1.3403948673516835e-05
201,appropriateness,"C(mode, Sum)[S.0]",-0.16666666666666682,-0.4026929929255491,0.6871740893354146,-0.9778570023038284,0.6445236689704947,-0.0812636055372002,True,36,12,0.7023443414648963
201,appropriateness,"C(version, Treatment(reference='default'))[T.personalized]:C(mode, Sum)[S.0]",0.5,1.0357861821202063,0.30030190538187873,-0.4461238324921938,1.446123832492194,0.2437908166116004,True,36,12,0.6006038107637575
201,appropriateness,"C(version, Treatment(reference='default'))[T.personified]:C(mode, Sum)[S.0]",-0.16666666666666657,-0.3452620607067352,0.7298973661248899,-1.1127904991588604,0.7794571658255272,-0.08126360553720008,True,36,12,0.8344340904352427
201,appropriateness,Group Var,0.47021065829797154,1.1703304074904106,0.24186802961833498,-0.31725581229225414,1.2576771288881972,0.22926608073188134,True,36,12,0.40311338269722496
201,disturbance,Intercept,4.416666666666667,9.023379623101297,1.823742731669519e-19,3.457324606378835,5.376008726954499,2.2024418154995926,True,36,12,6.079142438898397e-19
201,disturbance,"C(version, Treatment(reference='default'))[T.personalized]",-2.416666666666668,-5.227291800403378,1.7201091888385629e-07,-3.3227916373330504,-1.5105416960002853,-1.205109672631853,True,36,12,1.7201091888385628e-06
201,disturbance,"C(version, Treatment(reference='default'))[T.personified]",-1.5833333333333344,-3.4247773864711792,0.0006153033669936496,-2.489458303999717,-0.6772083626669518,-0.7895546131036281,True,36,12,0.0061530336699364965
201,disturbance,"C(mode, Sum)[S.0]",0.24999999999999994,0.510757337156677,0.6095209861876385,-0.7093420602878322,1.209342060287832,0.12466651785846748,True,36,12,0.6095209861876385
201,disturbance,"C(version, Treatment(reference='default'))[T.personalized]:C(mode, Sum)[S.0]",-0.416666666666667,-0.9012572069661,0.36745158077697104,-1.3227916373330495,0.4894583039997155,-0.20777752976411268,True,36,12,0.6124193012949518
201,disturbance,"C(version, Treatment(reference='default'))[T.personified]:C(mode, Sum)[S.0]",-0.2500000000000003,-0.5407543241796602,0.5886769293038989,-1.1561249706663828,0.6561249706663823,-0.12466651785846765,True,36,12,0.8290309808648352
201,disturbance,Group Var,1.2418201554948411,1.5767989276510739,0.11484179848590825,-0.30176459546106216,2.7854049064507445,0.6192535783680101,True,36,12,0.38280599495302753
201,satisfaction,Intercept,3.416666666666667,8.876740363185563,6.884825865064933e-19,2.6622744754049164,4.171058857928418,1.8460657512963514,True,36,12,9.835465521521333e-19
201,satisfaction,"C(version, Treatment(reference='default'))[T.personalized]",2.916666666666666,6.331763396317794,2.4237496833945495e-10,2.01382787378006,3.8195054595532723,1.5759097876920067,True,36,12,2.4237496833945493e-09
201,satisfaction,"C(version, Treatment(reference='default'))[T.personified]",1.9999999999999993,4.341780614617915,1.4133261977108259e-05,1.097161207113393,2.9028387928866057,1.0806238544173759,True,36,12,0.00014133261977108258
201,satisfaction,"C(mode, Sum)[S.0]",-0.4166666666666667,-1.0825293125836053,0.27901739774494594,-1.1710588579284174,0.3377255245950839,-0.22512996967028673,True,36,12,0.3487717471811824
201,satisfaction,"C(version, Treatment(reference='default'))[T.personalized]:C(mode, Sum)[S.0]",0.5833333333333335,1.2663526792635593,0.2053868445803504,-0.3195054595532729,1.4861721262199399,0.3151819575384015,True,36,12,0.5147393054003429
201,satisfaction,"C(version, Treatment(reference='default'))[T.personified]:C(mode, Sum)[S.0]",0.3333333333333335,0.7236301024363196,0.46929285555635436,-0.569505459553273,1.23617212621994,0.18010397573622947,True,36,12,0.9385857111127087
201,satisfaction,Group Var,0.39638103408747316,1.0863832517497236,0.2773094682288407,-0.31873727219618087,1.111499340371127,0.21416940043677532,True,36,12,0.3961563831840582
202,appropriateness,Intercept,3.6666666666666603,11.236586200044071,2.696076197605668e-29,3.0271010119349766,4.306232321398344,2.582497112986315,True,36,12,5.392152395211336e-29
202,appropriateness,"C(version, Treatment(reference='default'))[T.personalized]",1.8333333333333415,3.97273318613751,7.105262264896063e-05,0.9288509186752181,2.7378157479914647,1.2912485564931655,True,36,12,0.0003552631132448031
202,appropriateness,"C(version, Treatment(reference='default'))[T.personified]",1.0000000000000082,2.1669453742568314,0.030239019589111654,0.0955175853418847,1.9044824146581316,0.7043173944508202,True,36,12,0.15119509794555827
202,appropriateness,"C(mode, Sum)[S.0]",0.4999999999999996,1.5322617545514656,0.12545785484510188,-0.13956565473168386,1.139565654731683,0.35215869722540694,True,36,12,0.25091570969020377
202,appropriateness,"C(version, Treatment(reference='default'))[T.personalized]:C(mode, Sum)[S.0]",-0.4999999999999997,-1.0834726871284064,0.2785986676870773,-1.4044824146581232,0.4044824146581237,-0.35215869722540705,True,36,12,0.6006038107637575
202,appropriateness,"C(version, Treatment(reference='default'))[T.personified]:C(mode, Sum)[S.0]",-0.8333333333333326,-1.8057878118806765,0.07095148999054644,-1.7378157479914562,0.07114908132479092,-0.5869311620423449,True,36,12,0.23650496663515483
202,appropriateness,Group Var,1.833413620071204e-08,1.0333296994413427e-07,0.9999999175522186,-0.3477519785403855,0.3477520152086579,1.2913051038391859e-08,True,36,12,0.9999999967145141
202,disturbance,Intercept,3.7500000000000018,8.651341019815545,5.0897759514895015e-18,2.9004363398471265,4.599563660152877,2.2791645462808847,True,36,12,1.0179551902979003e-17
202,disturbance,"C(version, Treatment(reference='default'))[T.personalized]",-1.3333333333333346,-2.5298316689688174,0.011411726088111203,-2.366321158086621,-0.3003455085800484,-0.810369616455426,True,36,12,0.028529315220278007
202,disturbance,"C(version, Treatment(reference='default'))[T.personified]",-0.6666666666666684,-1.264915834484411,0.2059015004823993,-1.6996544914199547,0.3663211580866178,-0.4051848082277137,True,36,12,0.3431691674706655
202,disturbance,"C(mode, Sum)[S.0]",0.25000000000000017,0.5767560679877032,0.5641042508160394,-0.5995636601528753,1.0995636601528758,0.15194430308539233,True,36,12,0.6095209861876385
202,disturbance,"C(version, Treatment(reference='default'))[T.personalized]:C(mode, Sum)[S.0]",-0.33333333333333337,-0.6324579172422039,0.5270876987229757,-1.3663211580866195,0.6996544914199528,-0.20259240411385634,True,36,12,0.7424822669924611
202,disturbance,"C(version, Treatment(reference='default'))[T.personified]:C(mode, Sum)[S.0]",-0.6666666666666664,-1.2649158344844071,0.20590150048240075,-1.6996544914199525,0.3663211580866198,-0.40518480822771247,True,36,12,0.6928344800523383
202,disturbance,Group Var,0.3527933034148957,1.0283465542000139,0.3037868395025334,-0.31960858858932206,1.0251951954191134,0.2144197304822786,True,36,12,0.506311399170889
202,satisfaction,Intercept,4.0,11.126386067917498,9.334364222800123e-29,3.295381636921072,4.704618363078928,2.7370858218160827,True,36,12,1.5557273704666871e-28
202,satisfaction,"C(version, Treatment(reference='default'))[T.personalized]",1.5833333333333341,3.694775344765209,0.00022008128756262566,0.7434239966934659,2.4232426699732024,1.0834298044688666,True,36,12,0.0007336042918754189
202,satisfaction,"C(version, Treatment(reference='default'))[T.personified]",0.16666666666666685,0.38892372050160123,0.697332574481366,-0.6732426699732014,1.006576003306535,0.11404524257567025,True,36,12,0.7748139716459622
202,satisfaction,"C(mode, Sum)[S.0]",0.16666666666666707,0.4635994194965635,0.6429347703416013,-0.5379516964122608,0.871285029745595,0.1140452425756704,True,36,12,0.6429347703416013
202,satisfaction,"C(version, Treatment(reference='default'))[T.personalized]:C(mode, Sum)[S.0]",-0.08333333333333347,-0.1944618602508007,0.8458142567562438,-0.9232426699732017,0.7565760033065347,-0.057022621287835154,True,36,12,0.8529620362579436
202,satisfaction,"C(version, Treatment(reference='default'))[T.personified]:C(mode, Sum)[S.0]",-0.33333333333333354,-0.777847441003202,0.43665895632565455,-1.1732426699732017,0.5065760033065347,-0.22809048515134037,True,36,12,0.9385857111127087
202,satisfaction,Group Var,0.4075800147034144,1.1001928498009976,0.2712481053070459,-0.31851282418523336,1.1336728535920622,0.2788953698750765,True,36,12,0.3961563831840582
203,appropriateness,Intercept,3.999999999999998,7.838359758317361,4.56469647523953e-15,2.9998091207996316,5.000190879200364,2.105633525695973,True,36,12,6.5209949646279e-15
203,appropriateness,"C(version, Treatment(reference='default'))[T.personalized]",1.2500000000000024,2.1404346580364173,0.032319656141263635,0.10539370637803236,2.3946062936219725,0.6580104767799932,True,36,12,0.06463931228252727
203,appropriateness,"C(version, Treatment(reference='default'))[T.personified]",0.6666666666666689,1.1415651509527573,0.2536348165053387,-0.47793962695530123,1.811272960288639,0.3509389209493302,True,36,12,0.4227246941755645
203,appropriateness,"C(mode, Sum)[S.0]",-0.3333333333333337,-0.6531966465264479,0.5136295118953145,-1.3335242125337,0.6668575458670325,-0.17546946047466472,True,36,12,0.7023443414648963
203,appropriateness,"C(version, Treatment(reference='default'))[T.personalized]:C(mode, Sum)[S.0]",0.4166666666666669,0.7134782193454714,0.47554988625781425,-0.7279396269553031,1.561272960288637,0.2193368255933308,True,36,12,0.6793569803683062
203,appropriateness,"C(version, Treatment(reference='default'))[T.personified]:C(mode, Sum)[S.0]",-0.16666666666666619,-0.28539128773818756,0.7753443815047381,-1.3112729602886364,0.9779396269553039,-0.08773473023733201,True,36,12,0.8344340904352427
203,appropriateness,Group Var,0.527156399180958,1.2252406705399213,0.2204845549363732,-0.3161126674255226,1.3704254657874386,0.27749954685014877,True,36,12,0.40311338269722496
203,disturbance,Intercept,3.6666666666666647,6.667068846522671,2.6096269685527158e-11,2.5887515025344596,4.74458183079887,1.8140006313665624,True,36,12,3.2620337106908946e-11
203,disturbance,"C(version, Treatment(reference='default'))[T.personalized]",-0.9166666666666653,-1.776645510548504,0.075626582732471,-1.9279171619556057,0.09458382862227499,-0.4535001578416402,True,36,12,0.12604430455411833
203,disturbance,"C(version, Treatment(reference='default'))[T.personified]",-0.583333333333332,-1.1305925976217743,0.25822660456732793,-1.5945838286222722,0.42791716195560825,-0.288591009535589,True,36,12,0.36889514938189705
203,disturbance,"C(mode, Sum)[S.0]",0.4999999999999996,0.9091457517985458,0.36327319495116916,-0.5779151641322053,1.5779151641322045,0.24736372245907665,True,36,12,0.45409149368896146
203,disturbance,"C(version, Treatment(reference='default'))[T.personalized]:C(mode, Sum)[S.0]",-1.0833333333333328,-2.0996719670118704,0.03575770720728866,-2.094583828622273,-0.07208283804439253,-0.5359547319946663,True,36,12,0.11919235735762887
203,disturbance,"C(version, Treatment(reference='default'))[T.personified]:C(mode, Sum)[S.0]",-0.41666666666666624,-0.8075661411584112,0.419340384773494,-1.4279171619556066,0.594583828622274,-0.20613643538256382,True,36,12,0.8290309808648352
203,disturbance,Group Var,1.272383694155497,1.584869527405253,0.11299598132206341,-0.301137767351616,2.84590515566261,0.6294831339650705,True,36,12,0.38280599495302753
203,satisfaction,Intercept,4.249999999999998,8.378055283960121,5.380937082207333e-17,3.2557541216942285,5.244245878305768,2.2255197092052303,True,36,12,6.726171352759166e-17
203,satisfaction,"C(version, Treatment(reference='default'))[T.personalized]",1.1666666666666672,2.030148517933204,0.04234144503929266,0.04033298790804807,2.2930003454252863,0.6109269789975147,True,36,12,0.08468289007858532
203,satisfaction,"C(version, Treatment(reference='default'))[T.personified]",0.5000000000000006,0.8700636505428023,0.38426562085782023,-0.6263336787586186,1.6263336787586198,0.2618258481417922,True,36,12,0.7641236190072913
203,satisfaction,"C(mode, Sum)[S.0]",-0.5833333333333331,-1.1499291566219776,0.2501730509047575,-1.577579211639103,0.4109125449724367,-0.3054634894987571,True,36,12,0.3487717471811824
203,satisfaction,"C(version, Treatment(reference='default'))[T.personalized]:C(mode, Sum)[S.0]",0.9999999999999999,1.7401273010856024,0.08183666736293749,-0.12633367875861923,2.126333678758619,0.5236516962835838,True,36,12,0.5147393054003429
203,satisfaction,"C(version, Treatment(reference='default'))[T.personified]:C(mode, Sum)[S.0]",0.16666666666666652,0.2900212168476002,0.7718000061454806,-0.9596670120919526,1.2930003454252856,0.08727528271393056,True,36,12,0.9999999999999991
203,satisfaction,Group Var,0.5584161985542061,1.2524012586032451,0.2104236879363729,-0.3154855402308845,1.4323179373392967,0.2924155896051406,True,36,12,0.3961563831840582
204,appropriateness,Intercept,2.8333333333333326,6.496682136025784,8.211069317280506e-11,1.978553743804695,3.6881129228619702,1.6156492752590708,True,36,12,8.211069317280506e-11
204,appropriateness,"C(version, Treatment(reference='default'))[T.personalized]",1.9166666666666683,3.114006210863223,0.0018456560463364481,0.7103114500552816,3.1230218832780547,1.0929392156164315,True,36,12,0.006152186821121494
204,appropriateness,"C(version, Treatment(reference='default'))[T.personified]",1.000000000000002,1.6246988926242922,0.10422673344515057,-0.20635521661138467,2.2063552166113887,0.570229155973791,True,36,12,0.3274149280906298
204,appropriateness,"C(mode, Sum)[S.0]",-0.16666666666666685,-0.38215777270739953,0.7023443414648963,-1.0214462561953046,0.6881129228619708,-0.09503819266229842,True,36,12,0.7023443414648963
204,appropriateness,"C(version, Treatment(reference='default'))[T.personalized]:C(mode, Sum)[S.0]",0.2500000000000003,0.40617472315607267,0.684614225123119,-0.9563552166113864,1.456355216611387,0.14255728899344763,True,36,12,0.8557677814038986
204,appropriateness,"C(version, Treatment(reference='default'))[T.personified]:C(mode, Sum)[S.0]",-0.333333333333333,-0.541566297541429,0.5881173143746726,-1.5396885499447197,0.8730218832780536,-0.19007638532459642,True,36,12,0.8344340904352427
204,appropriateness,Group Var,0.004125207144432732,0.024446168854375602,0.9804967218954748,-0.3266119926196236,0.334862406908489,0.0023523133881869244,True,36,12,0.9999999967145141
204,disturbance,Intercept,4.750000000000005,12.106668763986898,9.736883639636034e-34,3.9810164663744096,5.518983533625601,2.7965763112508233,True,36,12,9.736883639636033e-33
204,disturbance,"C(version, Treatment(reference='default'))[T.personalized]",-2.0000000000000053,-3.6045084586782465,0.00031274426389076314,-3.0875069413812817,-0.912493058618729,-1.1775058152635063,True,36,12,0.0015637213194538155
204,disturbance,"C(version, Treatment(reference='default'))[T.personified]",-1.6666666666666714,-3.0037570488985397,0.0026666817676017926,-2.7541736080479478,-0.579159725285395,-0.9812548460529221,True,36,12,0.013333408838008962
204,disturbance,"C(mode, Sum)[S.0]",0.4166666666666678,1.0619884880690278,0.28824091135339724,-0.3523168669589278,1.1856502002922633,0.24531371151323048,True,36,12,0.42863923732201814
204,disturbance,"C(version, Treatment(reference='default'))[T.personalized]:C(mode, Sum)[S.0]",-0.666666666666668,-1.2015028195594146,0.22955621341867805,-1.7541736080479442,0.4208402747146084,-0.3925019384211685,True,36,12,0.4591124268373561
204,disturbance,"C(version, Treatment(reference='default'))[T.personified]:C(mode, Sum)[S.0]",0.1666666666666655,0.300375704889851,0.7638905932441766,-0.9208402747146108,1.2541736080479418,0.09812548460529123,True,36,12,0.8290309808648352
204,disturbance,Group Var,2.048038256146057e-09,1.1845298555206723e-08,0.9999999905488192,-0.33887547688550534,0.3388754809815818,1.2057884782470532e-09,True,36,12,0.9999999905488192
204,satisfaction,Intercept,2.9166666666666687,8.23687003767967,1.7677432745251794e-16,2.2226455645459997,3.6106877687873378,1.850250529015293,True,36,12,1.964159193916866e-16
204,satisfaction,"C(version, Treatment(reference='default'))[T.personalized]",2.083333333333331,4.772144941389254,1.822742515065236e-06,1.2276890997077694,2.9389775669588922,1.321607520725207,True,36,12,9.113712575326179e-06
204,satisfaction,"C(version, Treatment(reference='default'))[T.personified]",1.2499999999999976,2.86328696483355,0.004192706499610406,0.39435576637443603,2.105644233625559,0.7929645124351236,True,36,12,0.02096353249805203
204,satisfaction,"C(mode, Sum)[S.0]",-0.25,-0.7060174318011142,0.48017729704304,-0.944021102120669,0.44402110212066903,-0.158592902487025,True,36,12,0.5335303300478222
204,satisfaction,"C(version, Treatment(reference='default'))[T.personalized]:C(mode, Sum)[S.0]",0.41666666666666663,0.9544289882778518,0.3398665385782885,-0.4389775669588948,1.272310900292228,0.2643215041450417,True,36,12,0.5664442309638142
204,satisfaction,"C(version, Treatment(reference='default'))[T.personified]:C(mode, Sum)[S.0]",-0.4166666666666667,-0.9544289882778518,0.3398665385782885,-1.2723109002922282,0.43897756695889484,-0.2643215041450417,True,36,12,0.9385857111127087
204,satisfaction,Group Var,0.3157969978137449,0.9729773586270369,0.33056455509086535,-0.3203439531064412,0.951937948733931,0.20033264991988198,True,36,12,0.4132056938635817
205,appropriateness,Intercept,4.5833333333333375,9.356398233602802,8.250116861761784e-21,3.6232236802177953,5.54344298644888,2.500885948879033,True,36,12,1.3750194769602975e-20
205,appropriateness,"C(version, Treatment(reference='default'))[T.personalized]",0.9999999999999992,2.508217484262644,0.01213419570329104,0.21858291920956086,1.7814170807904377,0.5456478433917881,True,36,12,0.0303354892582276
205,appropriateness,"C(version, Treatment(reference='default'))[T.personified]",0.5833333333333326,1.463126865819875,0.14343266778574995,-0.19808374745710577,1.364750414123771,0.3182945753118762,True,36,12,0.3274149280906298
205,appropriateness,"C(mode, Sum)[S.0]",-0.5833333333333341,-1.1908143206403574,0.23372648571092958,-1.5434429864488761,0.3767763197822077,-0.31829457531187705,True,36,12,0.3895441428515493
205,appropriateness,"C(version, Treatment(reference='default'))[T.personalized]:C(mode, Sum)[S.0]",0.8333333333333336,2.090181236885539,0.03660152235950538,0.051916252542895225,1.614750414123772,0.45470653615982387,True,36,12,0.3660152235950538
205,appropriateness,"C(version, Treatment(reference='default'))[T.personified]:C(mode, Sum)[S.0]",0.0833333333333336,0.20901812368855452,0.8344340904352427,-0.6980837474571048,0.864750414123772,0.04547065361598252,True,36,12,0.8344340904352427
205,appropriateness,Group Var,2.0192972246448515,1.7166877508317007,0.08603623942726003,-0.2861598000634249,4.324754249353128,1.101825175794487,True,36,12,0.39214565666932644
205,disturbance,Intercept,2.9166666666666656,7.254321239112152,4.0368102052042933e-13,2.1286450953645932,3.704688237968738,1.9175769086756607,True,36,12,5.76687172172042e-13
205,disturbance,"C(version, Treatment(reference='default'))[T.personalized]",-0.41666666666666524,-0.8996417613086343,0.36831092548941036,-1.3244187245937054,0.4910853912603748,-0.27393955838223644,True,36,12,0.46038865686176295
205,disturbance,"C(version, Treatment(reference='default'))[T.personified]",-0.7499999999999986,-1.6193551703555442,0.10537086651577161,-1.6577520579270386,0.1577520579270415,-0.4930912050880263,True,36,12,0.263427166289429
205,disturbance,"C(mode, Sum)[S.0]",0.41666666666666685,1.0363316055874512,0.30004746612541267,-0.37135490463540566,1.2046882379687394,0.2739395583822375,True,36,12,0.42863923732201814
205,disturbance,"C(version, Treatment(reference='default'))[T.personalized]:C(mode, Sum)[S.0]",-1.083333333333333,-2.3390685794024564,0.019331884511187853,-1.991085391260373,-0.17558127540629298,-0.712242851793817,True,36,12,0.09665942255593926
205,disturbance,"C(version, Treatment(reference='default'))[T.personified]:C(mode, Sum)[S.0]",-0.5833333333333333,-1.2594984658320922,0.20785034401570146,-1.4910853912603734,0.3244187245937068,-0.3835153817351322,True,36,12,0.6928344800523383
205,disturbance,Group Var,0.5072029081044326,1.2068472431580657,0.22749097819605657,-0.31651313249182145,1.3309189487006865,0.3334630575751555,True,36,12,0.506311399170889
205,satisfaction,Intercept,5.166666666666666,11.257231685512014,2.1335597752727862e-29,4.267113306685367,6.066220026647965,3.0381312501050677,True,36,12,4.2671195505455724e-29
205,satisfaction,"C(version, Treatment(reference='default'))[T.personalized]",0.08333333333333244,0.1692998018653172,0.8655608318210447,-0.881406909983294,1.048073576649959,0.04900211693717799,True,36,12,0.8655608318210447
205,satisfaction,"C(version, Treatment(reference='default'))[T.personified]",0.2499999999999991,0.5078994055959553,0.6115238916008932,-0.7147402433166272,1.2147402433166254,0.147006350811535,True,36,12,0.7748139716459622
205,satisfaction,"C(mode, Sum)[S.0]",-0.833333333333333,-1.8156825299212922,0.06941908544950705,-1.7328866933146325,0.06622002664796633,-0.49002116937178497,True,36,12,0.11569847574917842
205,satisfaction,"C(version, Treatment(reference='default'))[T.personalized]:C(mode, Sum)[S.0]",0.5833333333333336,1.1850986130572336,0.2359784593952342,-0.38140690998329285,1.54807357664996,0.3430148185602498,True,36,12,0.5147393054003429
205,satisfaction,"C(version, Treatment(reference='default'))[T.personified]:C(mode, Sum)[S.0]",0.5833333333333336,1.1850986130572336,0.2359784593952342,-0.38140690998329274,1.5480735766499598,0.3430148185602498,True,36,12,0.9385857111127087
205,satisfaction,Group Var,0.7388537870475865,1.3782177431431115,0.16813607070218883,-0.31187046872331414,1.789578042818487,0.43446479606859634,True,36,12,0.3961563831840582
