unixtimestamp_ms,n_frame,gametime_ms,position_x,position_y,position_z,rotation_roll,rotation_pitch,rotation_yaw,mesh_velocity_x,mesh_velocity_y,mesh_velocity_z,acc_x,acc_y,acc_z,forward_x,forward_y,forward_z,forward_speed,throttle_input,brake_input,handbrake_input
1775051373523,0,415,-520.000000,-17500.000000,159.750519,0.000000,0.000000,90.000000,0.000000,0.000000,-15.634972,0.000000,0.000000,0.000000,-0.000000,1.000000,0.000000,0.000000,0.000,0.000,0.000,0.000
1775051373603,1,546,-520.000000,-17500.000000,158.141001,0.000000,0.000000,90.000000,0.000000,0.000000,-48.285538,0.000000,0.000000,0.000000,-0.000000,1.000000,0.000000,0.000000,0.000,0.000,0.001,0.000
1775051373727,2,665,-520.000000,-17500.000000,155.443493,0.000000,0.000000,90.000000,0.000000,0.000000,-80.925224,0.000000,0.000000,0.000000,-0.000000,1.000000,0.000000,0.000000,0.000,0.000,0.001,0.000
1775051373750,3,695,-520.000000,-17500.000000,151.658359,0.000000,0.000000,90.000000,0.000000,0.000000,-113.554031,0.000000,0.000000,0.000000,-0.000000,1.000000,0.000000,0.000000,0.000,0.000,0.001,0.000
1775051373772,4,720,-520.000000,-17500.000000,147.483999,0.000000,0.000000,90.000000,0.000000,0.000000,-142.267136,0.000000,0.000000,0.000000,-0.000000,1.000000,0.000000,0.000000,0.000,0.000,0.001,0.000
1775051373792,5,739,-520.000000,-17500.000000,143.182696,0.000000,0.000000,90.000000,0.000000,0.000000,-167.404327,0.000000,0.000000,0.000000,-0.000000,1.000000,0.000000,0.000000,0.000,0.000,0.001,0.000
1775051373811,6,758,-520.000000,-17500.000000,139.681836,0.000000,0.000000,90.000000,0.000000,0.000000,-185.831436,0.000000,0.000000,0.000000,-0.000000,1.000000,0.000000,0.000000,0.000,0.000,0.001,0.000
1775051373831,7,778,-520.000000,-17500.000000,135.817099,0.000000,0.000000,90.000000,0.000000,0.000000,-204.328796,0.000000,0.000000,0.000000,-0.000000,1.000000,0.000000,0.000000,0.000,0.000,0.001,0.000
1775051373851,8,798,-520.000000,-17500.000000,131.405853,0.000000,0.000000,90.000000,0.000000,0.000000,-223.616943,0.000000,0.000000,0.000000,-0.000000,1.000000,0.000000,0.000000,0.000,0.000,0.001,0.000
1775051373871,9,817,-520.000000,-17500.000000,126.566701,0.000000,0.000000,90.000000,0.000000,0.000000,-243.078186,0.000000,0.000000,0.000000,-0.000000,1.000000,0.000000,0.000000,0.000,0.000,0.001,0.000
1775051373891,10,838,-520.000000,-17500.000000,121.400328,0.000000,0.000000,90.000000,0.000000,0.000000,-262.327026,0.000000,0.000000,0.000000,-0.000000,1.000000,0.000000,0.000000,0.000,0.000,0.001,0.000
1775051373912,11,860,-520.000000,-17500.000000,115.457949,0.000000,0.000000,90.000000,0.000000,0.000000,-282.855927,0.000000,0.000000,0.000000,-0.000000,1.000000,0.000000,0.000000,0.000,0.000,0.001,0.000
1775051373931,12,879,-520.000000,-17500.000000,108.909838,0.000000,0.000000,90.000000,0.000000,0.000000,-303.906006,0.000000,0.000000,0.000000,-0.000000,1.000000,0.000000,0.000000,0.000,0.000,0.001,0.000
1775051373951,13,897,-520.000000,-17500.000000,102.910550,0.000000,0.000000,90.000000,0.000000,0.000000,-322.099091,0.000000,0.000000,0.000000,-0.000000,1.000000,0.000000,0.000000,0.000,0.000,0.001,0.000
1775051373972,14,918,-520.000000,-17500.000000,96.627112,0.000000,0.000000,90.000000,0.000000,0.000000,-340.139893,0.000000,0.000000,0.000000,-0.000000,1.000000,0.000000,0.000000,0.000,0.000,0.001,0.000
1775051373991,15,938,-520.000000,-17500.000000,89.147211,0.000000,0.000000,90.000000,0.000000,0.000000,-360.404205,0.000000,0.000000,0.000000,-0.000000,1.000000,0.000000,0.000000,0.000,0.000,0.001,0.000
1775051374012,16,958,-520.000000,-17500.000000,81.324850,0.000000,0.000000,90.000000,0.000000,0.000000,-380.474274,0.000000,0.000000,0.000000,-0.000000,1.000000,0.000000,0.000000,0.000,0.000,0.001,0.000
1775051374033,17,979,-520.000000,-17500.000000,73.612164,0.000000,0.000000,90.000000,0.000000,0.000000,-399.325134,0.000000,0.000000,0.000000,-0.000000,1.000000,0.000000,0.000000,0.000,0.000,0.001,0.000
1775051374056,18,1003,-520.000000,-17500.000000,64.476186,0.000000,0.000000,90.000000,0.000000,0.000000,-420.524445,0.000000,0.000000,0.000000,-0.000000,1.000000,0.000000,0.000000,0.000,0.000,0.001,0.000
1775051374077,19,1023,-520.000000,-17500.000000,54.040974,0.000000,0.000000,90.000000,0.000000,0.000000,-443.479767,0.000000,0.000000,0.000000,-0.000000,1.000000,0.000000,0.000000,0.000,0.000,0.001,0.000
1775051374101,20,1048,-520.000000,-17500.000000,44.780412,0.000000,0.000000,90.000000,0.000000,0.000000,-462.988800,0.000000,0.000000,0.000000,-0.000000,1.000000,0.000000,0.000000,0.000,0.000,0.001,0.000
1775051374120,21,1068,-520.000000,-17500.000000,32.351916,0.000000,0.000000,90.000000,0.000000,0.000000,-487.831940,0.000000,0.000000,0.000000,-0.000000,1.000000,0.000000,0.000000,0.000,0.000,0.001,0.000
1775051374143,22,1088,-519.963434,-17499.957413,23.758549,0.052309,0.048710,90.002330,-0.459162,0.000000,-444.528442,0.000000,0.000000,0.000000,-0.000041,1.000000,0.000850,-0.377894,0.000,0.000,0.001,0.000
1775051374166,23,1112,-519.680479,-17499.905311,17.463170,0.414074,0.111162,90.015787,-3.999555,-0.131783,0.420721,0.000000,0.000000,0.000000,-0.000276,0.999998,0.001940,-0.129864,0.000,0.000,0.001,0.000
1775051374186,24,1132,-519.741231,-17499.854456,18.490471,0.412987,0.172893,90.014033,-2.402614,-0.123410,40.828697,0.000000,0.000000,0.000000,-0.000245,0.999995,0.003018,0.000382,0.000,0.000,0.001,0.000
1775051374208,25,1154,-519.765632,-17499.802095,19.788317,0.419705,0.240104,90.013343,-1.557684,-0.326733,66.185936,0.000000,0.000000,0.000000,-0.000233,0.999991,0.004191,-0.049009,0.000,0.000,0.001,0.000
1775051374228,26,1176,-519.783202,-17499.738821,21.784885,0.430102,0.327927,90.013149,-1.190984,-0.600797,88.677338,0.000000,0.000000,0.000000,-0.000229,0.999984,0.005723,-0.092981,0.000,0.000,0.001,0.000
1775051374248,27,1195,-519.799336,-17499.688500,23.977070,0.438549,0.407643,90.013263,-1.100846,-0.904997,102.265038,0.000000,0.000000,0.000000,-0.000231,0.999975,0.007115,-0.177139,0.000,0.000,0.001,0.000
1775051374269,28,1216,-519.815548,-17499.658499,26.063998,0.443789,0.467995,90.013458,-1.075919,-1.177006,107.775887,0.000000,0.000000,0.000000,-0.000235,0.999967,0.008168,-0.296404,0.000,0.000,0.001,0.000
1775051374290,29,1236,-519.835737,-17499.647414,28.363249,0.446458,0.514219,90.013635,-1.056228,-1.375060,107.701797,0.000000,0.000000,0.000000,-0.000238,0.999960,0.008975,-0.408162,0.000,0.000,0.001,0.000
1775051374310,30,1256,-519.855179,-17499.656857,30.330394,0.446511,0.535898,90.013703,-1.010324,-1.471910,101.907036,0.000000,0.000000,0.000000,-0.000239,0.999956,0.009353,-0.518462,0.000,0.000,0.001,0.000
1775051376357,31,1268,-519.876284,-17499.687287,32.208789,0.444422,0.535466,90.013633,-0.937384,-1.460524,91.294533,0.000000,0.000000,0.000000,-0.000238,0.999956,0.009346,-0.607044,0.000,0.000,0.001,0.000
1775051376378,32,1288,-519.887951,-17499.709564,33.156057,0.442800,0.527663,90.013814,-0.884330,-1.337218,81.995171,0.000000,0.000000,0.000000,-0.000241,0.999958,0.009209,-0.581828,0.000,0.000,0.001,0.000
1775051376430,33,1336,-519.907024,-17499.762940,34.506000,0.438822,0.493835,90.013741,-0.762961,-1.165043,66.190117,0.000000,0.000000,0.000000,-0.000240,0.999963,0.008619,-0.594327,0.000,0.000,0.001,0.000
1775051376453,34,1361,-519.934775,-17499.874377,35.781657,0.430875,0.400956,90.013236,-0.626645,-0.909704,38.628750,0.000000,0.000000,0.000000,-0.000231,0.999975,0.006998,-0.639214,0.000,0.000,0.001,0.000
1775051376478,35,1387,-519.950414,-17499.957672,36.196912,0.425972,0.321628,90.012684,-0.451177,-0.552219,16.779215,0.000000,0.000000,0.000000,-0.000221,0.999984,0.005613,-0.457922,0.000,0.000,0.001,0.000
1775051376499,36,1409,-519.960736,-17500.031430,36.090273,0.422521,0.243180,90.012063,-0.287590,-0.202837,-3.761419,0.000000,0.000000,0.000000,-0.000211,0.999991,0.004244,-0.218739,0.000,0.000,0.001,0.000
1775051376518,37,1430,-519.965136,-17500.081407,35.651434,0.420946,0.183635,90.011531,-0.138792,0.092086,-19.313887,0.000000,0.000000,0.000000,-0.000201,0.999995,0.003205,0.030212,0.000,0.000,0.001,0.000
1775051376538,38,1449,-519.965669,-17500.113270,34.999474,0.420616,0.139915,90.011075,-0.014895,0.305553,-31.126694,0.000000,0.000000,0.000000,-0.000193,0.999997,0.002442,0.229544,0.000,0.000,0.001,0.000
1775051376558,39,1468,-519.963806,-17500.129335,34.264747,0.421066,0.112299,90.010733,0.076308,0.432929,-39.210381,0.000000,0.000000,0.000000,-0.000187,0.999998,0.001960,0.356062,0.000,0.000,0.001,0.000
1775051376582,40,1489,-519.960005,-17500.132885,33.375294,0.422142,0.097334,90.010457,0.143288,0.483583,-45.035416,0.000000,0.000000,0.000000,-0.000183,0.999999,0.001699,0.407050,0.000,0.000,0.001,0.000
1775051376605,41,1514,-519.954658,-17500.122975,32.378376,0.423728,0.097663,90.010282,0.190183,0.464624,-48.138596,0.000000,0.000000,0.000000,-0.000179,0.999999,0.001705,0.382534,0.000,0.000,0.001,0.000
1775051376628,42,1537,-519.947377,-17500.094077,31.199034,0.426023,0.119811,90.010212,0.213581,0.386728,-47.909218,0.000000,0.000000,0.000000,-0.000178,0.999998,0.002091,0.286507,0.000,0.000,0.001,0.000
1775051376649,43,1559,-519.940221,-17500.055720,30.170309,0.428282,0.156902,90.010271,0.223388,0.255457,-44.444008,0.000000,0.000000,0.000000,-0.000179,0.999996,0.002738,0.133708,0.000,0.000,0.001,0.000
1775051376670,44,1579,-519.933871,-17500.013355,29.322066,0.430269,0.202929,90.010517,0.211369,0.097317,-38.812645,0.000000,0.000000,0.000000,-0.000184,0.999994,0.003542,-0.040188,0.000,0.000,0.001,0.000
1775051376691,45,1600,-519.928560,-17499.972602,28.677905,0.431857,0.251116,90.010822,0.196216,-0.066907,-32.149109,0.000000,0.000000,0.000000,-0.000189,0.999990,0.004383,-0.207846,0.000,0.000,0.001,0.000
1775051376711,46,1621,-519.923856,-17499.931089,28.177296,0.433187,0.303939,90.011128,0.171380,-0.221513,-24.223858,0.000000,0.000000,0.000000,-0.000194,0.999986,0.005305,-0.350044,0.000,0.000,0.001,0.000
1775051376733,47,1642,-519.919315,-17499.893026,27.852838,0.434336,0.356105,90.011416,0.171366,-0.359175,-15.837955,0.000000,0.000000,0.000000,-0.000199,0.999981,0.006215,-0.457637,0.000,0.000,0.001,0.000
1775051376755,48,1666,-519.915822,-17499.861119,27.701816,0.435068,0.403770,90.011741,0.141187,-0.473079,-7.639357,0.000000,0.000000,0.000000,-0.000205,0.999975,0.007047,-0.526931,0.000,0.000,0.001,0.000
1775051376777,49,1687,-519.912979,-17499.832617,27.754646,0.435509,0.452210,90.012129,0.101778,-0.558461,1.886524,0.000000,0.000000,0.000000,-0.000212,0.999969,0.007892,-0.543576,0.000,0.000,0.001,0.000
1775051376802,50,1710,-519.912089,-17499.817654,27.931100,0.435352,0.483642,90.012433,0.052421,-0.611026,8.436497,0.000000,0.000000,0.000000,-0.000217,0.999964,0.008441,-0.539803,0.000,0.000,0.001,0.000
1775051376822,51,1732,-519.912484,-17499.812069,28.281736,0.434750,0.506966,90.012724,0.007381,-0.629594,14.806317,0.000000,0.000000,0.000000,-0.000222,0.999961,0.008848,-0.498563,0.000,0.000,0.001,0.000
1775051376843,52,1753,-519.914083,-17499.816658,28.692940,0.433840,0.516871,90.012933,-0.035749,-0.611574,18.936985,0.000000,0.000000,0.000000,-0.000226,0.999959,0.009021,-0.440711,0.000,0.000,0.001,0.000
1775051376865,53,1776,-519.916629,-17499.829969,29.156335,0.432704,0.515491,90.013057,-0.071179,-0.561002,21.480829,0.000000,0.000000,0.000000,-0.000228,0.999960,0.008997,-0.367702,0.000,0.000,0.001,0.000
1775051376883,54,1794,-519.920021,-17499.852474,29.675900,0.431414,0.502432,90.013114,-0.098136,-0.482095,22.633018,0.000000,0.000000,0.000000,-0.000229,0.999962,0.008769,-0.283585,0.000,0.000,0.001,0.000
1775051376901,55,1813,-519.922918,-17499.873531,30.070587,0.430375,0.486136,90.013051,-0.110926,-0.378621,22.005199,0.000000,0.000000,0.000000,-0.000228,0.999964,0.008485,-0.191877,0.000,0.000,0.001,0.000
1775051376921,56,1831,-519.925808,-17499.897429,30.446045,0.429392,0.464379,90.012977,-0.110924,-0.265770,20.524168,0.000000,0.000000,0.000000,-0.000226,0.999967,0.008105,-0.099391,0.000,0.000,0.001,0.000
1775051376941,57,1851,-519.928618,-17499.922441,30.780653,0.428504,0.438880,90.012910,-0.110923,-0.148645,18.304338,0.000000,0.000000,0.000000,-0.000225,0.999971,0.007660,-0.008407,0.000,0.000,0.001,0.000
1775051376960,58,1871,-519.931502,-17499.949133,31.080975,0.427693,0.409067,90.012827,-0.110921,-0.033199,15.397236,0.000000,0.000000,0.000000,-0.000224,0.999974,0.007140,0.076756,0.000,0.000,0.001,0.000
1775051376982,59,1891,-519.934325,-17499.975075,31.320440,0.427023,0.377604,90.012732,-0.110917,0.075728,11.970447,0.000000,0.000000,0.000000,-0.000222,0.999978,0.006590,0.154641,0.000,0.000,0.001,0.000
1775051377004,60,1917,-519.936672,-17499.997525,31.481820,0.426571,0.348005,90.012554,-0.100147,0.172157,8.351066,0.000000,0.000000,0.000000,-0.000219,0.999982,0.006074,0.222899,0.000,0.000,0.001,0.000
1775051377027,61,1936,-519.939097,-17500.020921,31.583441,0.426405,0.313768,90.012240,-0.089540,0.250784,4.079525,0.000000,0.000000,0.000000,-0.000214,0.999985,0.005476,0.273140,0.000,0.000,0.001,0.000
1775051377051,62,1960,-519.940250,-17500.033947,31.593554,0.426476,0.292177,90.012035,-0.064989,0.304668,0.669850,0.000000,0.000000,0.000000,-0.000210,0.999987,0.005099,0.308094,0.000,0.000,0.001,0.000
1775051377071,63,1981,-519.940900,-17500.043331,31.522761,0.426848,0.272186,90.011817,-0.041806,0.335787,-2.836405,0.000000,0.000000,0.000000,-0.000206,0.999989,0.004751,0.322317,0.000,0.000,0.001,0.000
1775051377098,64,2008,-519.941162,-17500.046374,31.409083,0.427222,0.260787,90.011760,-0.029355,0.339649,-5.512617,0.000000,0.000000,0.000000,-0.000205,0.999990,0.004552,0.314561,0.000,0.000,0.001,0.000
1775051377119,65,2029,-519.940584,-17500.041979,31.202726,0.427999,0.255900,90.011668,-0.004234,0.322758,-7.664232,0.000000,0.000000,0.000000,-0.000204,0.999990,0.004466,0.288525,0.000,0.000,0.001,0.000
1775051377142,66,2053,-519.939946,-17500.034352,31.008557,0.428575,0.257723,90.011702,0.006471,0.279987,-9.019506,0.000000,0.000000,0.000000,-0.000204,0.999990,0.004498,0.239412,0.000,0.000,0.001,0.000
1775051377162,67,2073,-519.939015,-17500.021748,30.781249,0.429175,0.266015,90.011630,0.016693,0.225089,-9.589724,0.000000,0.000000,0.000000,-0.000203,0.999989,0.004643,0.180560,0.000,0.000,0.001,0.000
1775051379352,68,2083,-519.938105,-17500.009901,30.593307,0.429600,0.275998,90.011674,0.028024,0.160273,-9.706656,0.000000,0.000000,0.000000,-0.000204,0.999988,0.004817,0.113508,0.000,0.000,0.001,0.000
1775051379372,69,2101,-519.937676,-17500.003705,30.493704,0.429759,0.281949,90.011692,0.028032,0.095382,-9.596269,0.000000,0.000000,0.000000,-0.000204,0.999988,0.004921,0.048153,0.000,0.000,0.001,0.000
1775051379424,70,2150,-519.937005,-17499.992355,30.329420,0.429950,0.294128,90.011731,0.000000,0.000000,0.000000,0.000000,0.000000,0.000000,-0.000205,0.999987,0.005133,0.000000,0.000,0.000,0.001,0.000
1775051379444,71,2175,-519.937005,-17499.992355,30.329420,0.429950,0.294128,90.011731,0.000000,0.000000,0.000000,0.000000,0.000000,0.000000,-0.000205,0.999987,0.005133,0.000000,0.000,0.000,0.001,0.000
1775051379465,72,2196,-519.937005,-17499.992355,30.329420,0.429950,0.294128,90.011731,0.000000,0.000000,0.000000,0.000000,0.000000,0.000000,-0.000205,0.999987,0.005133,0.000000,0.000,0.000,0.001,0.000
1775051379486,73,2215,-519.937005,-17499.992355,30.329420,0.429950,0.294128,90.011731,0.000000,0.000000,0.000000,0.000000,0.000000,0.000000,-0.000205,0.999987,0.005133,0.000000,0.000,0.000,0.001,0.000
1775051379504,74,2235,-519.937005,-17499.992355,30.329420,0.429950,0.294128,90.011731,0.000000,0.000000,0.000000,0.000000,0.000000,0.000000,-0.000205,0.999987,0.005133,0.000000,0.000,0.000,0.001,0.000
1775051379524,75,2256,-519.937005,-17499.992355,30.329420,0.429950,0.294128,90.011731,0.000000,0.000000,0.000000,0.000000,0.000000,0.000000,-0.000205,0.999987,0.005133,0.000000,0.000,0.000,0.001,0.000
1775051379548,76,2277,-519.937005,-17499.992355,30.329420,0.429950,0.294128,90.011731,0.000000,0.000000,0.000000,0.000000,0.000000,0.000000,-0.000205,0.999987,0.005133,0.000000,0.000,0.000,0.001,0.000
1775051379574,77,2303,-519.937005,-17499.992355,30.329420,0.429950,0.294128,90.011731,0.000000,0.000000,0.000000,0.000000,0.000000,0.000000,-0.000205,0.999987,0.005133,0.000000,0.000,0.000,0.001,0.000
1775051379601,78,2330,-519.937005,-17499.992355,30.329420,0.429950,0.294128,90.011731,0.000000,0.000000,0.000000,0.000000,0.000000,0.000000,-0.000205,0.999987,0.005133,0.000000,0.000,0.000,0.001,0.000
1775051379624,79,2353,-519.937005,-17499.992355,30.329420,0.429950,0.294128,90.011731,0.000000,0.000000,0.000000,0.000000,0.000000,0.000000,-0.000205,0.999987,0.005133,0.000000,0.000,0.000,0.001,0.000
1775051379654,80,2382,-519.937005,-17499.992355,30.329420,0.429950,0.294128,90.011731,0.000000,0.000000,0.000000,0.000000,0.000000,0.000000,-0.000205,0.999987,0.005133,0.000000,0.000,0.000,0.001,0.000
1775051379675,81,2406,-519.937005,-17499.992355,30.329420,0.429950,0.294128,90.011731,0.000000,0.000000,0.000000,0.000000,0.000000,0.000000,-0.000205,0.999987,0.005133,0.000000,0.000,0.000,0.001,0.000
1775051379697,82,2426,-519.937005,-17499.992355,30.329420,0.429950,0.294128,90.011731,0.000000,0.000000,0.000000,0.000000,0.000000,0.000000,-0.000205,0.999987,0.005133,0.000000,0.000,0.000,0.001,0.000
1775051379720,83,2450,-519.937005,-17499.992355,30.329420,0.429950,0.294128,90.011731,0.000000,0.000000,0.000000,0.000000,0.000000,0.000000,-0.000205,0.999987,0.005133,0.000000,0.000,0.000,0.001,0.000
1775051379738,84,2470,-519.937005,-17499.992355,30.329420,0.429950,0.294128,90.011731,0.000000,0.000000,0.000000,0.000000,0.000000,0.000000,-0.000205,0.999987,0.005133,0.000000,0.000,0.000,0.001,0.000
1775051379759,85,2488,-519.937005,-17499.992355,30.329420,0.429950,0.294128,90.011731,0.000000,0.000000,0.000000,0.000000,0.000000,0.000000,-0.000205,0.999987,0.005133,0.000000,0.000,0.000,0.001,0.000
1775051379784,86,2516,-519.937005,-17499.992355,30.329420,0.429950,0.294128,90.011731,0.000000,0.000000,0.000000,0.000000,0.000000,0.000000,-0.000205,0.999987,0.005133,0.000000,0.000,0.000,0.001,0.000
1775051379806,87,2537,-519.937005,-17499.992355,30.329420,0.429950,0.294128,90.011731,0.000000,0.000000,0.000000,0.000000,0.000000,0.000000,-0.000205,0.999987,0.005133,0.000000,0.000,0.000,0.001,0.000
1775051379831,88,2561,-519.937005,-17499.992355,30.329420,0.429950,0.294128,90.011731,0.000000,0.000000,0.000000,0.000000,0.000000,0.000000,-0.000205,0.999987,0.005133,0.000000,0.000,0.000,0.001,0.000
1775051379852,89,2581,-519.937005,-17499.992355,30.329420,0.429950,0.294128,90.011731,0.000000,0.000000,0.000000,0.000000,0.000000,0.000000,-0.000205,0.999987,0.005133,0.000000,0.000,0.000,0.001,0.000
1775051379874,90,2604,-519.937005,-17499.992355,30.329420,0.429950,0.294128,90.011731,0.000000,0.000000,0.000000,0.000000,0.000000,0.000000,-0.000205,0.999987,0.005133,0.000000,0.000,0.000,0.001,0.000
1775051379895,91,2627,-519.937005,-17499.992355,30.329420,0.429950,0.294128,90.011731,0.000000,0.000000,0.000000,0.000000,0.000000,0.000000,-0.000205,0.999987,0.005133,0.000000,0.000,0.000,0.001,0.000
1775051379914,92,2644,-519.937005,-17499.992355,30.329420,0.429950,0.294128,90.011731,0.000000,0.000000,0.000000,0.000000,0.000000,0.000000,-0.000205,0.999987,0.005133,0.000000,0.000,0.000,0.001,0.000
1775051379933,93,2664,-519.937005,-17499.992355,30.329420,0.429950,0.294128,90.011731,0.000000,0.000000,0.000000,0.000000,0.000000,0.000000,-0.000205,0.999987,0.005133,0.000000,0.000,0.000,0.001,0.000
1775051379952,94,2683,-519.937005,-17499.992355,30.329420,0.429950,0.294128,90.011731,0.000000,0.000000,0.000000,0.000000,0.000000,0.000000,-0.000205,0.999987,0.005133,0.000000,0.000,0.000,0.001,0.000
1775051379974,95,2702,-519.937005,-17499.992355,30.329420,0.429950,0.294128,90.011731,0.000000,0.000000,0.000000,0.000000,0.000000,0.000000,-0.000205,0.999987,0.005133,0.000000,0.000,0.000,0.001,0.000
1775051379992,96,2723,-519.937005,-17499.992355,30.329420,0.429950,0.294128,90.011731,0.000000,0.000000,0.000000,0.000000,0.000000,0.000000,-0.000205,0.999987,0.005133,0.000000,0.000,0.000,0.001,0.000
1775051380013,97,2743,-519.937005,-17499.992355,30.329420,0.429950,0.294128,90.011731,0.000000,0.000000,0.000000,0.000000,0.000000,0.000000,-0.000205,0.999987,0.005133,0.000000,0.000,0.000,0.001,0.000
1775051380034,98,2764,-519.937005,-17499.992355,30.329420,0.429950,0.294128,90.011731,0.000000,0.000000,0.000000,0.000000,0.000000,0.000000,-0.000205,0.999987,0.005133,0.000000,0.000,0.000,0.001,0.000
1775051380058,99,2788,-519.937005,-17499.992355,30.329420,0.429950,0.294128,90.011731,0.000000,0.000000,0.000000,0.000000,0.000000,0.000000,-0.000205,0.999987,0.005133,0.000000,0.000,0.000,0.001,0.000
1775051380077,100,2808,-519.937005,-17499.992355,30.329420,0.429950,0.294128,90.011731,0.000000,0.000000,0.000000,0.000000,0.000000,0.000000,-0.000205,0.999987,0.005133,0.000000,0.000,0.000,0.001,0.000
1775051380096,101,2826,-519.937005,-17499.992355,30.329420,0.429950,0.294128,90.011731,0.000000,0.000000,0.000000,0.000000,0.000000,0.000000,-0.000205,0.999987,0.005133,0.000000,0.000,0.000,0.001,0.000
1775051380117,102,2846,-519.937005,-17499.992355,30.329420,0.429950,0.294128,90.011731,0.000000,0.000000,0.000000,0.000000,0.000000,0.000000,-0.000205,0.999987,0.005133,0.000000,0.000,0.000,0.001,0.000
1775051380142,103,2870,-519.937005,-17499.992355,30.329420,0.429950,0.294128,90.011731,0.000000,0.000000,0.000000,0.000000,0.000000,0.000000,-0.000205,0.999987,0.005133,0.000000,0.000,0.000,0.001,0.000
1775051380161,104,2892,-519.937005,-17499.992355,30.329420,0.429950,0.294128,90.011731,0.000000,0.000000,0.000000,0.000000,0.000000,0.000000,-0.000205,0.999987,0.005133,0.000000,0.000,0.000,0.001,0.000
1775051380184,105,2914,-519.937005,-17499.992355,30.329420,0.429950,0.294128,90.011731,0.000000,0.000000,0.000000,0.000000,0.000000,0.000000,-0.000205,0.999987,0.005133,0.000000,0.000,0.000,0.001,0.000
1775051380203,106,2935,-519.937005,-17499.992355,30.329420,0.429950,0.294128,90.011731,0.000000,0.000000,0.000000,0.000000,0.000000,0.000000,-0.000205,0.999987,0.005133,0.000000,0.000,0.000,0.001,0.000
1775051380224,107,2954,-519.937005,-17499.992355,30.329420,0.429950,0.294128,90.011731,0.000000,0.000000,0.000000,0.000000,0.000000,0.000000,-0.000205,0.999987,0.005133,0.000000,0.000,0.000,0.001,0.000
1775051380246,108,2976,-519.937005,-17499.992355,30.329420,0.429950,0.294128,90.011731,0.000000,0.000000,0.000000,0.000000,0.000000,0.000000,-0.000205,0.999987,0.005133,0.000000,0.000,0.000,0.001,0.000
1775051380272,109,3002,-519.937005,-17499.992355,30.329420,0.429950,0.294128,90.011731,0.000000,0.000000,0.000000,0.000000,0.000000,0.000000,-0.000205,0.999987,0.005133,0.000000,0.000,0.000,0.001,0.000
1775051380294,110,3023,-519.937005,-17499.992355,30.329420,0.429950,0.294128,90.011731,0.000000,0.000000,0.000000,0.000000,0.000000,0.000000,-0.000205,0.999987,0.005133,0.000000,0.000,0.000,0.001,0.000
1775051380316,111,3044,-519.937005,-17499.992355,30.329420,0.429950,0.294128,90.011731,0.000000,0.000000,0.000000,0.000000,0.000000,0.000000,-0.000205,0.999987,0.005133,0.000000,0.000,0.000,0.001,0.000
1775051380338,112,3068,-519.937005,-17499.992355,30.329420,0.429950,0.294128,90.011731,0.000000,0.000000,0.000000,0.000000,0.000000,0.000000,-0.000205,0.999987,0.005133,0.000000,0.000,0.000,0.001,0.000
1775051380358,113,3088,-519.937005,-17499.992355,30.329420,0.429950,0.294128,90.011731,0.000000,0.000000,0.000000,0.000000,0.000000,0.000000,-0.000205,0.999987,0.005133,0.000000,0.000,0.000,0.001,0.000
1775051380379,114,3108,-519.937005,-17499.992355,30.329420,0.429950,0.294128,90.011731,0.000000,0.000000,0.000000,0.000000,0.000000,0.000000,-0.000205,0.999987,0.005133,0.000000,0.000,0.000,0.001,0.000
1775051380398,115,3129,-519.937005,-17499.992355,30.329420,0.429950,0.294128,90.011731,0.000000,0.000000,0.000000,0.000000,0.000000,0.000000,-0.000205,0.999987,0.005133,0.000000,0.000,0.000,0.001,0.000
1775051380417,116,3148,-519.937005,-17499.992355,30.329420,0.429950,0.294128,90.011731,0.000000,0.000000,0.000000,0.000000,0.000000,0.000000,-0.000205,0.999987,0.005133,0.000000,0.000,0.000,0.001,0.000
1775051380441,117,3170,-519.937005,-17499.992355,30.329420,0.429950,0.294128,90.011731,0.000000,0.000000,0.000000,0.000000,0.000000,0.000000,-0.000205,0.999987,0.005133,0.000000,0.000,0.000,0.001,0.000
1775051380463,118,3193,-519.937005,-17499.992355,30.329420,0.429950,0.294128,90.011731,0.000000,0.000000,0.000000,0.000000,0.000000,0.000000,-0.000205,0.999987,0.005133,0.000000,0.000,0.000,0.001,0.000
1775051380486,119,3214,-519.937005,-17499.992355,30.329420,0.429950,0.294128,90.011731,0.000000,0.000000,0.000000,0.000000,0.000000,0.000000,-0.000205,0.999987,0.005133,0.000000,0.000,0.000,0.001,0.000
1775051380509,120,3238,-519.937005,-17499.992355,30.329420,0.429950,0.294128,90.011731,0.000000,0.000000,0.000000,0.000000,0.000000,0.000000,-0.000205,0.999987,0.005133,0.000000,0.000,0.000,0.001,0.000
1775051380530,121,3260,-519.937005,-17499.992355,30.329420,0.429950,0.294128,90.011731,0.000000,0.000000,0.000000,0.000000,0.000000,0.000000,-0.000205,0.999987,0.005133,0.000000,0.000,0.000,0.001,0.000
1775051380554,122,3285,-519.937005,-17499.992355,30.329420,0.429950,0.294128,90.011731,0.000000,0.000000,0.000000,0.000000,0.000000,0.000000,-0.000205,0.999987,0.005133,0.000000,0.000,0.000,0.001,0.000
1775051380575,123,3305,-519.937005,-17499.992355,30.329420,0.429950,0.294128,90.011731,0.000000,0.000000,0.000000,0.000000,0.000000,0.000000,-0.000205,0.999987,0.005133,0.000000,0.000,0.000,0.001,0.000
1775051380603,124,3332,-519.937005,-17499.992355,30.329420,0.429950,0.294128,90.011731,0.000000,0.000000,0.000000,0.000000,0.000000,0.000000,-0.000205,0.999987,0.005133,0.000000,0.000,0.000,0.001,0.000
1775051380623,125,3353,-519.937005,-17499.992355,30.329420,0.429950,0.294128,90.011731,0.000000,0.000000,0.000000,0.000000,0.000000,0.000000,-0.000205,0.999987,0.005133,0.000000,0.000,0.000,0.001,0.000
1775051380644,126,3374,-519.937005,-17499.992355,30.329420,0.429950,0.294128,90.011731,0.000000,0.000000,0.000000,0.000000,0.000000,0.000000,-0.000205,0.999987,0.005133,0.000000,0.000,0.000,0.001,0.000
1775051380668,127,3399,-519.937005,-17499.992355,30.329420,0.429950,0.294128,90.011731,0.000000,0.000000,0.000000,0.000000,0.000000,0.000000,-0.000205,0.999987,0.005133,0.000000,0.000,0.000,0.001,0.000
1775051380689,128,3419,-519.937005,-17499.992355,30.329420,0.429950,0.294128,90.011731,0.000000,0.000000,0.000000,0.000000,0.000000,0.000000,-0.000205,0.999987,0.005133,0.000000,0.000,0.000,0.001,0.000
1775051380707,129,3439,-519.937005,-17499.992355,30.329420,0.429950,0.294128,90.011731,0.000000,0.000000,0.000000,0.000000,0.000000,0.000000,-0.000205,0.999987,0.005133,0.000000,0.000,0.000,0.001,0.000
1775051380728,130,3458,-519.937005,-17499.992355,30.329420,0.429950,0.294128,90.011731,0.000000,0.000000,0.000000,0.000000,0.000000,0.000000,-0.000205,0.999987,0.005133,0.000000,0.000,0.000,0.001,0.000
1775051380748,131,3478,-519.937005,-17499.992355,30.329420,0.429950,0.294128,90.011731,0.000000,0.000000,0.000000,0.000000,0.000000,0.000000,-0.000205,0.999987,0.005133,0.000000,0.000,0.000,0.001,0.000
1775051380768,132,3498,-519.937005,-17499.992355,30.329420,0.429950,0.294128,90.011731,0.000000,0.000000,0.000000,0.000000,0.000000,0.000000,-0.000205,0.999987,0.005133,0.000000,0.000,0.000,0.001,0.000
1775051380789,133,3518,-519.937005,-17499.992355,30.329420,0.429950,0.294128,90.011731,0.000000,0.000000,0.000000,0.000000,0.000000,0.000000,-0.000205,0.999987,0.005133,0.000000,0.000,0.000,0.001,0.000
1775051380809,134,3539,-519.937005,-17499.992355,30.329420,0.429950,0.294128,90.011731,0.000000,0.000000,0.000000,0.000000,0.000000,0.000000,-0.000205,0.999987,0.005133,0.000000,0.000,0.000,0.001,0.000
1775051380837,135,3565,-519.937005,-17499.992355,30.329420,0.429950,0.294128,90.011731,0.000000,0.000000,0.000000,0.000000,0.000000,0.000000,-0.000205,0.999987,0.005133,0.000000,0.000,0.000,0.001,0.000
1775051380854,136,3587,-519.937005,-17499.992355,30.329420,0.429950,0.294128,90.011731,0.000000,0.000000,0.000000,0.000000,0.000000,0.000000,-0.000205,0.999987,0.005133,0.000000,0.000,0.000,0.001,0.000
1775051380875,137,3605,-519.937005,-17499.992355,30.329420,0.429950,0.294128,90.011731,0.000000,0.000000,0.000000,0.000000,0.000000,0.000000,-0.000205,0.999987,0.005133,0.000000,0.000,0.000,0.001,0.000
1775051380914,138,3629,-519.937005,-17499.992355,30.329420,0.429950,0.294128,90.011731,0.000000,0.000000,0.000000,0.000000,0.000000,0.000000,-0.000205,0.999987,0.005133,0.000000,0.000,0.000,0.001,0.000
1775051380934,139,3664,-519.937005,-17499.992355,30.329420,0.429950,0.294128,90.011731,0.000000,0.000000,0.000000,0.000000,0.000000,0.000000,-0.000205,0.999987,0.005133,0.000000,0.000,0.000,0.001,0.000
1775051380955,140,3684,-519.937005,-17499.992355,30.329420,0.429950,0.294128,90.011731,0.000000,0.000000,0.000000,0.000000,0.000000,0.000000,-0.000205,0.999987,0.005133,0.000000,0.000,0.000,0.001,0.000
1775051380975,141,3705,-519.937005,-17499.992355,30.329420,0.429950,0.294128,90.011731,0.000000,0.000000,0.000000,0.000000,0.000000,0.000000,-0.000205,0.999987,0.005133,0.000000,0.000,0.000,0.001,0.000
1775051380994,142,3725,-519.937005,-17499.992355,30.329420,0.429950,0.294128,90.011731,0.000000,0.000000,0.000000,0.000000,0.000000,0.000000,-0.000205,0.999987,0.005133,0.000000,0.000,0.000,0.001,0.000
1775051381014,143,3745,-519.937005,-17499.992355,30.329420,0.429950,0.294128,90.011731,0.000000,0.000000,0.000000,0.000000,0.000000,0.000000,-0.000205,0.999987,0.005133,0.000000,0.000,0.000,0.001,0.000
1775051381036,144,3765,-519.937005,-17499.992355,30.329420,0.429950,0.294128,90.011731,0.000000,0.000000,0.000000,0.000000,0.000000,0.000000,-0.000205,0.999987,0.005133,0.000000,0.000,0.000,0.001,0.000
1775051381055,145,3786,-519.937005,-17499.992355,30.329420,0.429950,0.294128,90.011731,0.000000,0.000000,0.000000,0.000000,0.000000,0.000000,-0.000205,0.999987,0.005133,0.000000,0.000,0.000,0.001,0.000
1775051381076,146,3806,-519.937005,-17499.992355,30.329420,0.429950,0.294128,90.011731,0.000000,0.000000,0.000000,0.000000,0.000000,0.000000,-0.000205,0.999987,0.005133,0.000000,0.000,0.000,0.001,0.000
1775051381097,147,3827,-519.937005,-17499.992355,30.329420,0.429950,0.294128,90.011731,0.000000,0.000000,0.000000,0.000000,0.000000,0.000000,-0.000205,0.999987,0.005133,0.000000,0.000,0.000,0.001,0.000
1775051381120,148,3851,-519.937005,-17499.992355,30.329420,0.429950,0.294128,90.011731,0.000000,0.000000,0.000000,0.000000,0.000000,0.000000,-0.000205,0.999987,0.005133,0.000000,0.000,0.000,0.001,0.000
1775051381139,149,3869,-519.937005,-17499.992355,30.329420,0.429950,0.294128,90.011731,0.000000,0.000000,0.000000,0.000000,0.000000,0.000000,-0.000205,0.999987,0.005133,0.000000,0.000,0.000,0.001,0.000
1775051381159,150,3890,-519.937005,-17499.992355,30.329420,0.429950,0.294128,90.011731,0.000000,0.000000,0.000000,0.000000,0.000000,0.000000,-0.000205,0.999987,0.005133,0.000000,0.000,0.000,0.001,0.000
1775051381179,151,3910,-519.937005,-17499.992355,30.329420,0.429950,0.294128,90.011731,0.000000,0.000000,0.000000,0.000000,0.000000,0.000000,-0.000205,0.999987,0.005133,0.000000,0.000,0.000,0.001,0.000
1775051381199,152,3928,-519.937005,-17499.992355,30.329420,0.429950,0.294128,90.011731,0.000000,0.000000,0.000000,0.000000,0.000000,0.000000,-0.000205,0.999987,0.005133,0.000000,0.000,0.000,0.001,0.000
1775051381221,153,3952,-519.937005,-17499.992355,30.329420,0.429950,0.294128,90.011731,0.000000,0.000000,0.000000,0.000000,0.000000,0.000000,-0.000205,0.999987,0.005133,0.000000,0.000,0.000,0.001,0.000
1775051381247,154,3978,-519.937005,-17499.992355,30.329420,0.429950,0.294128,90.011731,0.000000,0.000000,0.000000,0.000000,0.000000,0.000000,-0.000205,0.999987,0.005133,0.000000,0.000,0.000,0.001,0.000
1775051381267,155,3997,-519.937005,-17499.992355,30.329420,0.429950,0.294128,90.011731,0.000000,0.000000,0.000000,0.000000,0.000000,0.000000,-0.000205,0.999987,0.005133,0.000000,0.000,0.000,0.001,0.000
1775051381291,156,4022,-519.937005,-17499.992355,30.329420,0.429950,0.294128,90.011731,0.000000,0.000000,0.000000,0.000000,0.000000,0.000000,-0.000205,0.999987,0.005133,0.000000,0.000,0.000,0.001,0.000
1775051381313,157,4044,-519.937005,-17499.992355,30.329420,0.429950,0.294128,90.011731,0.000000,0.000000,0.000000,0.000000,0.000000,0.000000,-0.000205,0.999987,0.005133,0.000000,0.000,0.000,0.001,0.000
1775051381342,158,4072,-519.937005,-17499.992355,30.329420,0.429950,0.294128,90.011731,0.000000,0.000000,0.000000,0.000000,0.000000,0.000000,-0.000205,0.999987,0.005133,0.000000,0.000,0.000,0.001,0.000
1775051381363,159,4094,-519.937005,-17499.992355,30.329420,0.429950,0.294128,90.011731,0.000000,0.000000,0.000000,0.000000,0.000000,0.000000,-0.000205,0.999987,0.005133,0.000000,0.000,0.000,0.001,0.000
1775051381384,160,4114,-519.937005,-17499.992355,30.329420,0.429950,0.294128,90.011731,0.000000,0.000000,0.000000,0.000000,0.000000,0.000000,-0.000205,0.999987,0.005133,0.000000,0.000,0.000,0.001,0.000
1775051381404,161,4134,-519.937005,-17499.992355,30.329420,0.429950,0.294128,90.011731,0.000000,0.000000,0.000000,0.000000,0.000000,0.000000,-0.000205,0.999987,0.005133,0.000000,0.000,0.000,0.001,0.000
1775051381426,162,4156,-519.937005,-17499.992355,30.329420,0.429950,0.294128,90.011731,0.000000,0.000000,0.000000,0.000000,0.000000,0.000000,-0.000205,0.999987,0.005133,0.000000,1.000,0.000,0.001,0.000
1775051381448,163,4180,-519.937048,-17499.983742,30.333609,0.429904,0.298164,90.011737,-0.000039,0.237551,0.171844,0.000000,0.000000,0.000000,-0.000205,0.999986,0.005204,0.238443,1.000,0.000,0.001,0.000
1775051381470,164,4200,-519.937082,-17499.941250,30.346763,0.429879,0.308079,90.011771,-0.000235,1.418688,0.499258,0.000000,0.000000,0.000000,-0.000205,0.999986,0.005377,1.421352,1.000,0.000,0.001,0.000
1775051381503,165,4232,-519.937163,-17499.861670,30.357662,0.429809,0.320327,90.011822,-0.000573,3.461451,0.470066,0.000000,0.000000,0.000000,-0.000206,0.999984,0.005591,3.464025,1.000,0.000,0.001,0.000
1775051381524,166,4255,-519.936939,-17499.479902,30.417545,0.430178,0.355607,90.012099,-0.001791,10.871186,1.716576,0.000000,0.000000,0.000000,-0.000211,0.999981,0.006206,10.881631,1.000,0.000,0.001,0.000
1775051381548,167,4278,-519.936966,-17499.016213,30.456648,0.430283,0.388903,90.012420,-0.003116,18.921112,1.518167,0.000000,0.000000,0.000000,-0.000217,0.999977,0.006788,18.930981,1.000,0.000,0.001,0.000
1775051381571,168,4300,-519.937169,-17498.294599,30.489419,0.430259,0.431391,90.012896,-0.004979,30.156834,1.204836,0.000000,0.000000,0.000000,-0.000225,0.999972,0.007529,30.165051,1.000,0.000,0.001,0.000
1775051381592,169,4324,-519.938063,-17497.210107,30.515431,0.430024,0.485583,90.013575,-0.025825,45.373817,0.833641,0.000000,0.000000,0.000000,-0.000237,0.999964,0.008475,45.379257,1.000,0.000,0.001,0.000
1775051381613,170,4344,-519.939764,-17495.731462,30.533942,0.429633,0.546492,90.014461,-0.052741,61.045593,0.455664,0.000000,0.000000,0.000000,-0.000252,0.999954,0.009538,61.047173,1.000,0.000,0.001,0.000
1775051381633,171,4364,-519.941415,-17494.198951,30.539137,0.429263,0.598845,90.015176,-0.061193,74.446579,-0.080872,0.000000,0.000000,0.000000,-0.000265,0.999945,0.010452,74.441681,1.000,0.000,0.001,0.000
1775051381654,172,4384,-519.943406,-17492.315469,30.534637,0.428873,0.650342,90.015869,-0.074420,88.399193,-0.540377,0.000000,0.000000,0.000000,-0.000277,0.999936,0.011350,88.387383,1.000,0.000,0.001,0.000
1775051381672,173,4404,-519.945468,-17490.329462,30.521253,0.428525,0.693317,90.016433,-0.086957,101.300491,-0.989811,0.000000,0.000000,0.000000,-0.000287,0.999927,0.012100,101.281120,1.000,0.000,0.001,0.000
1775051381694,174,4424,-519.947699,-17487.956954,30.499766,0.428258,0.731885,90.017027,-0.093826,114.945175,-1.306612,0.000000,0.000000,0.000000,-0.000297,0.999918,0.012773,114.919128,1.000,0.000,0.001,0.000
1775051381720,175,4449,-519.950038,-17485.322680,30.472905,0.428078,0.762507,90.017580,-0.103532,128.545059,-1.524559,0.000000,0.000000,0.000000,-0.000307,0.999911,0.013308,128.513412,1.000,0.000,0.001,0.000
1775051381743,176,4474,-519.953459,-17481.656254,30.444674,0.427996,0.787109,90.018234,-0.129816,145.352859,-1.256479,0.000000,0.000000,0.000000,-0.000318,0.999906,0.013737,145.321915,1.000,0.000,0.001,0.000
1775051381761,177,4493,-519.957311,-17477.676995,30.422684,0.428009,0.799281,90.018789,-0.154347,161.789627,-0.962704,0.000000,0.000000,0.000000,-0.000328,0.999903,0.013950,161.760498,1.000,0.000,0.001,0.000
1775051381786,178,4515,-519.960355,-17474.361296,30.403457,0.428047,0.802947,90.019128,-0.159686,174.506424,-1.038710,0.000000,0.000000,0.000000,-0.000334,0.999902,0.014014,174.474777,1.000,0.000,0.001,0.000
1775051381805,179,4537,-519.964384,-17470.151534,30.384808,0.428089,0.800054,90.019455,-0.180851,189.402100,-0.821175,0.000000,0.000000,0.000000,-0.000340,0.999902,0.013963,189.372223,1.000,0.000,0.001,0.000
1775051381826,180,4558,-519.968654,-17465.780749,30.370386,0.428121,0.792123,90.019709,-0.198617,203.786560,-0.622051,0.000000,0.000000,0.000000,-0.000344,0.999904,0.013825,203.758545,1.000,0.000,0.001,0.000
1775051381847,181,4577,-519.973281,-17461.132966,30.360278,0.428139,0.780634,90.019896,-0.216399,218.084549,-0.401533,0.000000,0.000000,0.000000,-0.000347,0.999907,0.013624,218.058899,1.000,0.000,0.001,0.000
1775051381870,182,4602,-519.977468,-17456.811540,30.352242,0.428158,0.769072,90.020017,-0.223141,230.653641,-0.345888,0.000000,0.000000,0.000000,-0.000349,0.999910,0.013422,230.628281,1.000,0.000,0.001,0.000
1775051381891,183,4621,-519.984289,-17450.504618,30.358606,0.428122,0.751028,90.020158,-0.265510,247.731018,0.343380,0.000000,0.000000,0.000000,-0.000352,0.999914,0.013108,247.714310,1.000,0.000,0.001,0.000
1775051381911,184,4641,-519.989309,-17445.628045,30.363449,0.428125,0.738249,90.020220,-0.267244,260.292694,0.348228,0.000000,0.000000,0.000000,-0.000353,0.999917,0.012885,260.275665,1.000,0.000,0.001,0.000
1775051381935,185,4662,-519.994942,-17440.160926,30.370260,0.428105,0.725680,90.020266,-0.280477,273.679840,0.423508,0.000000,0.000000,0.000000,-0.000354,0.999920,0.012665,273.663330,1.000,0.000,0.001,0.000
1775051381958,186,4687,-520.001411,-17434.043791,30.380871,0.428044,0.713930,90.020303,-0.301383,287.910126,0.571707,0.000000,0.000000,0.000000,-0.000354,0.999922,0.012460,287.894989,1.000,0.000,0.001,0.000
1775051381977,187,4709,-520.009925,-17426.547839,30.403908,0.427912,0.702481,90.020362,-0.340381,304.393311,0.995651,0.000000,0.000000,0.000000,-0.000355,0.999925,0.012260,304.382751,1.000,0.000,0.001,0.000
1775051382001,188,4728,-520.017819,-17419.554613,30.426052,0.427821,0.694712,90.020400,-0.356084,319.055115,1.056093,0.000000,0.000000,0.000000,-0.000356,0.999926,0.012125,319.044586,1.000,0.000,0.001,0.000
1775051382021,189,4753,-520.024461,-17413.333352,30.441570,0.427808,0.690173,90.020414,-0.353144,331.597992,0.858500,0.000000,0.000000,0.000000,-0.000356,0.999927,0.012045,331.584381,1.000,0.000,0.001,0.000
1775051382042,190,4773,-520.034366,-17404.711524,30.468344,0.427692,0.686595,90.020446,-0.395613,348.145233,1.099791,0.000000,0.000000,0.000000,-0.000357,0.999928,0.011983,348.133545,1.000,0.000,0.001,0.000
1775051382071,191,4798,-520.042332,-17397.477671,30.485626,0.427663,0.685632,90.020455,-0.396734,361.508728,0.869938,0.000000,0.000000,0.000000,-0.000357,0.999928,0.011966,361.493378,0.000,0.000,0.001,0.000
1775051382089,192,4822,-520.053212,-17388.231251,30.509194,0.427562,0.672245,90.020344,-0.433026,370.847809,1.014738,0.000000,0.000000,0.000000,-0.000355,0.999931,0.011733,370.834320,0.000,0.000,0.001,0.000
1775051382112,193,4842,-520.064162,-17379.153871,30.529717,0.427509,0.641971,90.020067,-0.451005,374.947693,1.009136,0.000000,0.000000,0.000000,-0.000350,0.999937,0.011204,374.935608,0.000,0.000,0.001,0.000
1775051382136,194,4868,-520.072724,-17371.646614,30.538096,0.427601,0.605708,90.019706,-0.434069,376.133179,0.654829,0.000000,0.000000,0.000000,-0.000344,0.999944,0.010571,376.119202,0.000,0.000,0.001,0.000
1775051382158,195,4888,-520.084940,-17361.735332,30.551551,0.427657,0.542640,90.019087,-0.466524,376.052979,0.817423,0.000000,0.000000,0.000000,-0.000333,0.999955,0.009471,376.043976,0.000,0.000,0.001,0.000
1775051382180,196,4912,-520.093505,-17354.362722,30.552118,0.427843,0.481132,90.018468,-0.439235,369.612122,0.423662,0.000000,0.000000,0.000000,-0.000322,0.999965,0.008397,369.602783,0.000,0.000,0.001,0.000
1775051382201,197,4931,-520.103631,-17345.883302,30.547953,0.428043,0.398788,90.017624,-0.441535,361.964386,0.270161,0.000000,0.000000,0.000000,-0.000308,0.999976,0.006960,361.957611,0.000,0.000,0.001,0.000
1775051382222,198,4952,-520.111222,-17339.108666,30.537057,0.428293,0.330404,90.016911,-0.412088,355.678925,-0.115301,0.000000,0.000000,0.000000,-0.000295,0.999983,0.005767,355.672455,0.000,0.000,0.001,0.000
1775051382240,199,4973,-520.119149,-17331.966315,30.520190,0.428534,0.259974,90.016149,-0.399602,348.883514,-0.387503,0.000000,0.000000,0.000000,-0.000282,0.999990,0.004537,348.878265,0.000,0.000,0.001,0.000
1775051382261,200,4992,-520.126956,-17324.909222,30.499812,0.428731,0.196107,90.015417,-0.388800,342.010895,-0.596407,0.000000,0.000000,0.000000,-0.000269,0.999994,0.003423,342.006927,0.000,0.000,0.001,0.000
1775051382281,201,5011,-520.133608,-17318.642230,30.477912,0.428912,0.146399,90.014810,-0.367040,335.786438,-0.837379,0.000000,0.000000,0.000000,-0.000258,0.999997,0.002555,335.783295,0.000,0.000,0.001,0.000
1775051382302,202,5033,-520.140501,-17312.134057,30.453499,0.429044,0.104340,90.014230,-0.356577,329.198914,-0.967119,0.000000,0.000000,0.000000,-0.000248,0.999998,0.001821,329.196686,0.000,0.000,0.001,0.000
1775051382323,203,5053,-520.148089,-17305.193035,30.429366,0.429091,0.072036,90.013679,-0.355928,322.036774,-0.931955,0.000000,0.000000,0.000000,-0.000239,0.999999,0.001257,322.035431,0.000,0.000,0.001,0.000
1775051382344,204,5074,-520.154853,-17298.903890,30.408124,0.429123,0.053438,90.013251,-0.342627,315.438995,-0.948826,0.000000,0.000000,0.000000,-0.000231,1.000000,0.000933,315.438049,0.000,0.000,0.001,0.000
1775051382366,205,5098,-520.161969,-17292.373508,30.389254,0.429117,0.045608,90.012890,-0.337657,308.470490,-0.845276,0.000000,0.000000,0.000000,-0.000225,1.000000,0.000796,308.469788,0.000,0.000,0.001,0.000
1775051382387,206,5117,-520.170142,-17285.242449,30.377670,0.429051,0.050056,90.012570,-0.344081,300.719513,-0.511665,0.000000,0.000000,0.000000,-0.000219,1.000000,0.000874,300.719025,0.000,0.000,0.001,0.000
1775051382407,207,5137,-520.176149,-17279.669529,30.369016,0.429074,0.059799,90.012370,-0.320267,294.586029,-0.521208,0.000000,0.000000,0.000000,-0.000216,0.999999,0.001044,294.585388,0.000,0.000,0.001,0.000
1775051382427,208,5160,-520.182441,-17273.792830,30.362253,0.429094,0.075922,90.012199,-0.310818,288.010925,-0.429237,0.000000,0.000000,0.000000,-0.000213,0.999999,0.001325,288.010162,0.000,0.000,0.001,0.000
1775051382449,209,5180,-520.189486,-17267.444980,30.361121,0.429076,0.098567,90.012049,-0.312521,280.769073,-0.173512,0.000000,0.000000,0.000000,-0.000210,0.999998,0.001720,280.768433,0.000,0.000,0.001,0.000
1775051382473,210,5204,-520.195435,-17261.934263,30.361405,0.429091,0.120207,90.011929,-0.298377,274.372162,-0.118872,0.000000,0.000000,0.000000,-0.000208,0.999998,0.002098,274.371368,0.000,0.000,0.001,0.000
1775051382493,211,5225,-520.202727,-17255.537147,30.370006,0.429068,0.146583,90.011807,-0.304792,266.769836,0.223724,0.000000,0.000000,0.000000,-0.000206,0.999997,0.002558,266.769592,0.000,0.000,0.001,0.000
1775051382511,212,5244,-520.208812,-17250.072787,30.378393,0.429086,0.168025,90.011695,-0.291911,260.141571,0.273809,0.000000,0.000000,0.000000,-0.000204,0.999996,0.002933,260.141296,0.000,0.000,0.001,0.000
1775051382534,213,5263,-520.214068,-17245.144194,30.384571,0.429135,0.185341,90.011584,-0.274549,254.041183,0.208315,0.000000,0.000000,0.000000,-0.000202,0.999995,0.003235,254.040573,0.000,0.000,0.001,0.000
1775051382556,214,5288,-520.219020,-17240.369039,30.388824,0.429187,0.199542,90.011468,-0.260857,248.004135,0.129478,0.000000,0.000000,0.000000,-0.000200,0.999994,0.003483,248.003128,0.000,0.000,0.001,0.000
1775051382576,215,5307,-520.225691,-17234.446334,30.401276,0.429180,0.213256,90.011283,-0.271749,240.295792,0.436789,0.000000,0.000000,0.000000,-0.000197,0.999993,0.003722,240.295807,0.000,0.000,0.001,0.000
1775051382596,216,5327,-520.230496,-17229.945825,30.407891,0.429213,0.220515,90.011121,-0.252992,234.306732,0.297667,0.000000,0.000000,0.000000,-0.000194,0.999993,0.003849,234.306183,0.000,0.000,0.001,0.000
1775051382617,217,5348,-520.235367,-17225.329220,30.412665,0.429238,0.224675,90.010933,-0.243033,228.006012,0.210299,0.000000,0.000000,0.000000,-0.000191,0.999992,0.003921,228.005127,0.000,0.000,0.001,0.000
1775051382637,218,5369,-520.240138,-17220.789472,30.415547,0.429251,0.225709,90.010716,-0.234821,221.644974,0.134449,0.000000,0.000000,0.000000,-0.000187,0.999992,0.003939,221.643829,0.000,0.000,0.001,0.000
1775051382659,219,5388,-520.244893,-17216.284693,30.417155,0.429250,0.224032,90.010475,-0.228402,215.154816,0.086769,0.000000,0.000000,0.000000,-0.000183,0.999992,0.003910,215.153549,0.000,0.000,0.001,0.000
1775051382682,220,5412,-520.249142,-17212.162865,30.416186,0.429255,0.220455,90.010232,-0.217174,209.054337,-0.026497,0.000000,0.000000,0.000000,-0.000179,0.999993,0.003848,209.052719,0.000,0.000,0.001,0.000
1775051382702,221,5432,-520.254501,-17207.295120,30.419838,0.429239,0.214596,90.009919,-0.222767,201.596390,0.181309,0.000000,0.000000,0.000000,-0.000173,0.999993,0.003745,201.595688,0.000,0.000,0.001,0.000
1775051382722,222,5453,-520.258562,-17203.440038,30.420144,0.429257,0.208919,90.009656,-0.208221,195.518509,0.051355,0.000000,0.000000,0.000000,-0.000169,0.999993,0.003646,195.517426,0.000,0.000,0.001,0.000
1775051382747,223,5479,-520.262689,-17199.500613,30.419215,0.429278,0.202599,90.009379,-0.200379,189.107361,-0.006824,0.000000,0.000000,0.000000,-0.000164,0.999994,0.003536,189.106186,0.000,0.000,0.001,0.000
1775051382767,224,5498,-520.267980,-17194.834446,30.427083,0.429310,0.195870,90.009024,-0.208058,181.196747,0.337624,0.000000,0.000000,0.000000,-0.000157,0.999994,0.003419,181.196869,0.000,0.000,0.001,0.000
1775051382788,225,5519,-520.271541,-17191.477363,30.429252,0.429366,0.191073,90.008766,-0.189970,175.325882,0.144222,0.000000,0.000000,0.000000,-0.000153,0.999994,0.003335,175.325409,0.000,0.000,0.001,0.000
1775051382809,226,5540,-520.275191,-17187.991635,30.429417,0.429416,0.186571,90.008491,-0.180627,169.011414,0.035072,0.000000,0.000000,0.000000,-0.000148,0.999995,0.003256,169.010651,0.000,0.000,0.001,0.000
1775051382829,227,5560,-520.278802,-17184.548473,30.428265,0.429453,0.182905,90.008211,-0.173488,162.535400,-0.032854,0.000000,0.000000,0.000000,-0.000143,0.999995,0.003192,162.534485,0.000,0.000,0.001,0.000
1775051382850,228,5582,-520.282136,-17181.331529,30.425327,0.429481,0.180268,90.007945,-0.164564,156.250748,-0.126719,0.000000,0.000000,0.000000,-0.000139,0.999995,0.003146,156.249603,0.000,0.000,0.001,0.000
1775051382872,229,5602,-520.285415,-17178.168877,30.421428,0.429499,0.178618,90.007686,-0.157586,149.815842,-0.174908,0.000000,0.000000,0.000000,-0.000134,0.999995,0.003117,149.814590,0.000,0.000,0.001,0.000
1775051382894,230,5625,-520.288372,-17175.265785,30.416064,0.429513,0.177862,90.007450,-0.148330,143.664215,-0.260780,0.000000,0.000000,0.000000,-0.000130,0.999995,0.003104,143.662735,0.000,0.000,0.001,0.000
1775051382916,231,5646,-520.291774,-17172.069835,30.413544,0.429530,0.178403,90.007173,-0.147474,136.548996,-0.110552,0.000000,0.000000,0.000000,-0.000125,0.999995,0.003114,136.548004,0.000,0.000,0.001,0.000
1775051382940,232,5671,-520.294686,-17169.305982,30.410985,0.429550,0.179561,90.006928,-0.139400,130.098801,-0.127268,0.000000,0.000000,0.000000,-0.000121,0.999995,0.003134,130.097778,0.000,0.000,0.001,0.000
1775051382958,233,5690,-520.298011,-17166.298707,30.414034,0.429598,0.182010,90.006651,-0.138803,122.664635,0.112024,0.000000,0.000000,0.000000,-0.000116,0.999995,0.003177,122.664391,0.000,0.000,0.001,0.000
1775051382979,234,5710,-520.300316,-17164.082589,30.413293,0.429638,0.183811,90.006449,-0.124867,116.922432,-0.050922,0.000000,0.000000,0.000000,-0.000113,0.999995,0.003208,116.921677,0.000,0.000,0.001,0.000
1775051382998,235,5729,-520.302550,-17161.888384,30.410370,0.429665,0.185592,90.006246,-0.115467,110.934311,-0.159136,0.000000,0.000000,0.000000,-0.000109,0.999995,0.003239,110.933228,0.000,0.000,0.001,0.000
1775051383019,236,5749,-520.304514,-17159.897796,30.405070,0.429676,0.187071,90.006051,-0.105652,105.209816,-0.290009,0.000000,0.000000,0.000000,-0.000106,0.999995,0.003265,105.208321,0.000,0.000,0.001,0.000
1775051383042,237,5774,-520.306555,-17157.854377,30.398909,0.429673,0.188564,90.005837,-0.100103,98.966576,-0.307568,0.000000,0.000000,0.000000,-0.000102,0.999995,0.003291,98.965034,0.000,0.000,0.001,0.000
1775051383061,238,5794,-520.308944,-17155.620928,30.398467,0.429699,0.190618,90.005587,-0.100256,91.600189,-0.028635,0.000000,0.000000,0.000000,-0.000098,0.999994,0.003327,91.599594,0.000,0.000,0.001,0.000
1775051383084,239,5814,-520.310777,-17153.882009,30.397091,0.429715,0.191947,90.005372,-0.092149,85.455788,-0.075798,0.000000,0.000000,0.000000,-0.000094,0.999994,0.003350,85.455063,0.000,0.000,0.001,0.000
1775051383105,240,5837,-520.312428,-17152.295567,30.394499,0.429723,0.192839,90.005165,-0.084327,79.426949,-0.135393,0.000000,0.000000,0.000000,-0.000090,0.999994,0.003366,79.426048,0.000,0.000,0.001,0.000
1775051383126,241,5856,-520.314290,-17150.595536,30.395918,0.429755,0.193829,90.004909,-0.081798,72.337326,0.055182,0.000000,0.000000,0.000000,-0.000086,0.999994,0.003383,72.337105,0.000,0.000,0.001,0.000
1775051383151,242,5881,-520.315867,-17149.331032,30.394743,0.429729,0.194142,90.004795,-0.082625,66.612144,-0.063978,0.000000,0.000000,0.000000,-0.000084,0.999994,0.003388,66.611549,0.000,0.000,0.001,0.000
1775051383172,243,5902,-520.317667,-17147.880728,30.399709,0.429778,0.194656,90.004586,-0.076384,59.231937,0.200272,0.000000,0.000000,0.000000,-0.000080,0.999994,0.003397,59.232281,0.000,0.000,0.001,0.000
1775051383199,244,5930,-520.319310,-17146.754133,30.403528,0.429782,0.194753,90.004480,-0.077751,52.802784,0.178406,0.000000,0.000000,0.000000,-0.000078,0.999994,0.003399,52.803093,0.000,0.000,0.001,0.000
1775051383219,245,5949,-520.321141,-17145.508084,30.425026,0.429981,0.195713,90.004235,-0.072502,44.345184,0.761293,0.000000,0.000000,0.000000,-0.000074,0.999994,0.003416,44.347530,0.000,0.000,0.001,0.000
1775051383238,246,5970,-520.322094,-17144.767862,30.434754,0.430106,0.195722,90.004120,-0.056081,38.567112,0.506760,0.000000,0.000000,0.000000,-0.000072,0.999994,0.003416,38.568623,0.000,0.000,0.001,0.000
1775051383258,247,5990,-520.322896,-17144.094660,30.441534,0.430214,0.195266,90.004002,-0.043644,32.289074,0.327711,0.000000,0.000000,0.000000,-0.000070,0.999994,0.003408,32.290005,0.000,0.000,0.001,0.000
1775051383276,248,6009,-520.323730,-17143.579513,30.443138,0.430203,0.194411,90.003824,-0.043375,26.413485,0.087561,0.000000,0.000000,0.000000,-0.000067,0.999994,0.003393,26.413633,0.000,0.000,0.001,0.000
1775051383299,249,6029,-520.324323,-17143.175063,30.440234,0.430182,0.193964,90.003686,-0.030900,21.130280,-0.148676,0.000000,0.000000,0.000000,-0.000064,0.999994,0.003385,21.129658,0.000,0.000,0.001,0.000
1775051383323,250,6053,-520.325001,-17142.830229,30.434269,0.430094,0.196121,90.003504,-0.030729,16.902815,-0.307198,0.000000,0.000000,0.000000,-0.000061,0.999994,0.003423,16.901667,0.000,0.000,0.001,0.000
